지점,일시,평균기온(°C),최저기온(°C),최고기온(°C),일강수량(mm),최대 풍속(m/s),평균 풍속(m/s),합계 일사(MJ/m2),평균 전운량(1/10)
108,2015-01-01,-7.7,-9.8,-4.3,,6.5,4.6,9.79,.8
108,2015-01-02,-6,-9,-1.9,,6.7,3.2,9.07,1.9
108,2015-01-03,-2.7,-9.2,3.1,,4.4,1.9,8.66,3.9
108,2015-01-04,2.5,.2,8.5,0,3.7,2,5.32,4.3
108,2015-01-05,3.7,-1.1,7.9,.4,4.4,2.4,6.48,7.1
108,2015-01-06,-3.2,-7.6,4,3,7.3,4.3,10.47,2.6
108,2015-01-07,-5.5,-8.9,-.6,,4.5,2.5,10.12,.3
108,2015-01-08,-5.1,-9.5,-.2,,4.8,2.2,10.09,0
108,2015-01-09,-2.1,-6.8,3.5,,4.2,2,8.74,.6
108,2015-01-10,-.3,-5.6,4.8,,6.3,2.3,9.41,.6
108,2015-01-11,-.4,-4.3,2.5,,6.8,3.6,9.6,1.3
108,2015-01-12,-2.7,-7.3,3.7,,4.7,1.8,10.05,0
108,2015-01-13,.2,-5.1,5.8,,3.4,1.8,8.14,5.4
108,2015-01-14,2.5,-.3,6.1,,3.4,1.5,3.36,9
108,2015-01-15,2.8,-1.1,9,,4.7,2.1,8.47,2.6
108,2015-01-16,.8,-2.5,3.4,.3,7.4,4,2.79,8.1
108,2015-01-17,-4.1,-7.7,0,,7.7,3.8,10.89,.3
108,2015-01-18,-1.3,-6.5,2.1,4,4.9,2.3,5.06,7.6
108,2015-01-19,-.1,-4,3.1,.1,5.9,3.2,7.52,1.6
108,2015-01-20,-.9,-6.4,4.4,,3.9,1.9,9.79,4.6
108,2015-01-21,2.6,-1.2,6.5,,3.7,2,5.67,8.8
108,2015-01-22,3.1,.8,7.1,,3.1,1.5,5.51,5.1
108,2015-01-23,1.2,-1.6,4.9,,5.2,2.6,6.88,3.4
108,2015-01-24,3.7,.8,8.4,,4.4,1.8,8.35,6.3
108,2015-01-25,3,1.1,5,3,5.2,3.5,2.08,9.5
108,2015-01-26,3.6,.2,6.5,.5,6.1,2.6,3.06,8.4
108,2015-01-27,-3.6,-7.4,.5,,6.2,3.7,11.85,1.1
108,2015-01-28,-4.1,-9.1,2.7,,5,2.3,10.98,1.6
108,2015-01-29,-1.1,-4.6,3,,5,2.3,4.09,9.3
108,2015-01-30,-3.3,-7,.8,,7.1,3.8,10.69,3.3
108,2015-01-31,-4.5,-8.5,.8,,4.5,2.6,12.07,0
108,2015-02-01,-3,-8.2,3.6,,4.3,1.9,12.34,.3
108,2015-02-02,-.6,-5.3,6.4,,3.7,1.5,10.21,2.4
108,2015-02-03,.6,-3.5,7.2,,4.3,2.1,10.3,3.9
108,2015-02-04,.4,-3.1,5.8,,5.1,2,9.31,3.4
108,2015-02-05,-.1,-3.8,4.8,,5.7,3,10.43,0
108,2015-02-06,.4,-4.3,6.5,,4.9,2.2,11.5,2.1
108,2015-02-07,1.2,-2.7,5.7,,7,2.6,6.2,6.5
108,2015-02-08,-9.8,-11.9,-2.8,,8,5.3,12.92,0
108,2015-02-09,-5.7,-13,-.1,.2,7.6,3.1,10.34,3.4
108,2015-02-10,1.7,-2,5.8,,6.3,2.8,5.88,4.6
108,2015-02-11,2.7,-.8,8,,5,2.5,11.1,5
108,2015-02-12,-2.2,-4.7,1.6,,8.1,4.2,13.4,0
108,2015-02-13,-1.6,-6.4,4,,6.6,3.1,13.33,0
108,2015-02-14,2,-3.1,6.6,,5.2,2.2,3.13,6.5
108,2015-02-15,7.9,3.2,13,,5.1,2.9,10.41,8.3
108,2015-02-16,5,4.1,7.9,10.5,5.8,3.5,1.41,10
108,2015-02-17,1.9,.5,4.1,.5,5.4,3.5,4.86,9.4
108,2015-02-18,.8,-1.5,3.3,0,4.2,2.5,5.48,7
108,2015-02-19,2.2,-2.7,8.6,,5,1.6,11.93,1.4
108,2015-02-20,5.2,-1.3,11.4,,3.3,2,11.33,5.1
108,2015-02-21,5.7,4.8,6.7,8,5.6,3.4,2.74,9.8
108,2015-02-22,3.5,-.7,7,2.5,7.3,4.1,7.29,6.3
108,2015-02-23,.9,-2.4,5.9,,5.1,3,12.64,2.9
108,2015-02-24,2.1,-1.1,7.5,,4.3,2.3,13.75,2.9
108,2015-02-25,5.4,.2,12.5,.5,6.2,2.9,11.32,7.8
108,2015-02-26,1.2,-3.5,4.7,.5,8.5,4.9,12.37,4.6
108,2015-02-27,-1.3,-5.6,4.8,,6.8,3.2,15.22,2.4
108,2015-02-28,2.7,-2,6.4,,3.9,2,5.9,8.6
108,2015-03-01,2.4,-.2,5.9,0,7.1,3.7,9.47,6.1
108,2015-03-02,3.9,-1.9,9.7,,6.1,2.8,15.5,1.6
108,2015-03-03,2.8,-1.3,6.7,5.5,7.4,3.4,4.6,9.4
108,2015-03-04,-2.1,-4.6,1.4,,9.1,5.3,16.79,.8
108,2015-03-05,-.3,-5.4,5.5,,4,1.9,12.96,3.9
108,2015-03-06,2.9,-3.2,10.4,,4.4,2.3,16.17,.5
108,2015-03-07,4.2,-2.3,11,,5.3,2.3,16,0
108,2015-03-08,7.7,.4,15.1,,4.4,1.8,13.63,3.8
108,2015-03-09,2.2,-5.4,8.2,,9.1,5.4,15.27,4
108,2015-03-10,-3.4,-6.9,1,,9.1,5.9,18.52,0
108,2015-03-11,.4,-5.1,7.5,,8.7,4.5,12.06,1.4
108,2015-03-12,2.1,-3.5,6.7,,7.3,4,17.66,2.1
108,2015-03-13,5.6,1.8,11,.1,6.3,3,18.08,1.8
108,2015-03-14,4.3,-1.2,11.6,,6.6,2.3,16.81,2
108,2015-03-15,5.5,0,12.5,,5.4,2.2,15.39,1.8
108,2015-03-16,9.8,1.3,18.6,,4.1,2,16.19,2
108,2015-03-17,10.7,6.9,16.1,0,4.6,1.8,5.91,7.9
108,2015-03-18,10.7,8.4,14.4,1.5,6.7,4,4.62,9.8
108,2015-03-19,12.4,6.5,21,,7.1,2.5,16.82,2.6
108,2015-03-20,13.4,7.6,21.9,,6.1,2.5,15.98,4.8
108,2015-03-21,11.7,6.9,17.8,,6.5,2.7,14.97,.5
108,2015-03-22,8.3,2.2,14.9,,8.1,4.2,18.36,0
108,2015-03-23,4.6,0,10.1,,8.5,4.2,19.17,.4
108,2015-03-24,5.4,-.9,12.4,,5.7,2.6,19.59,0
108,2015-03-25,6.5,.1,14.2,,5.6,2.5,18.79,0
108,2015-03-26,7.9,1.6,14.8,,7.2,3.1,19.14,0
108,2015-03-27,9.1,3.2,16.2,,6,2.6,18.41,0
108,2015-03-28,9.7,2.5,17,,5.2,2.8,17.9,3.3
108,2015-03-29,10.5,7,16.5,,5.3,2.5,12.83,5
108,2015-03-30,13.2,5.9,20.8,,6.6,2.6,17.94,2
108,2015-03-31,12.9,10,14.9,2.5,3.9,2.2,3.09,8.9
108,2015-04-01,12.9,10,17.6,2.5,7.8,4.1,14.44,7.1
108,2015-04-02,14.8,8.5,21.8,28,10.4,5,11.5,8.4
108,2015-04-03,10.6,6.9,15.1,3.5,8.8,2.8,7.42,6.1
108,2015-04-04,13.5,8.9,18.5,0,6.9,4.3,12.62,8
108,2015-04-05,10.5,10.1,12.2,.5,5.4,2.5,2.89,10
108,2015-04-06,10.3,6.9,15.4,,6.3,2.7,10.2,8.8
108,2015-04-07,8.4,5.5,12.2,0,6.2,2.6,10.17,7.6
108,2015-04-08,8.3,3.5,13.7,,4.9,2.9,14.69,3.8
108,2015-04-09,9.6,3.8,16.3,,5.6,2.3,18.2,2.8
108,2015-04-10,11.6,4.6,19.2,,6.2,2.8,20.67,.1
108,2015-04-11,13.5,6.7,20.7,,5.7,2.5,19.87,.4
108,2015-04-12,14.9,9.1,20.4,,6.8,2.9,12.6,7.9
108,2015-04-13,12,7.4,17.6,6.5,8.7,5.9,14.89,9
108,2015-04-14,6.9,5.8,8,10.5,4.8,2.7,5.33,10
108,2015-04-15,11.1,5.6,17,1,5.7,2.9,16.51,4.4
108,2015-04-16,9.9,6.9,14.8,7,8.3,3.6,3.64,4.6
108,2015-04-17,10.5,4.8,16.1,,8.7,3.7,22.45,.3
108,2015-04-18,15.2,5.2,23.7,0,4.2,1.9,19.74,5
108,2015-04-19,14.5,11.2,17.3,12,6.3,3.7,5.15,9.9
108,2015-04-20,12.2,10.3,16.8,5.5,5.7,3.2,8.68,6
108,2015-04-21,14,7.7,20.9,,6,2.9,22.93,1.8
108,2015-04-22,14.2,9.3,20.7,0,6.4,3,19.32,2.8
108,2015-04-23,14.5,8,20.1,,7,3.5,21.03,3.5
108,2015-04-24,15.7,10.4,22.8,,6.8,3.2,22.53,.9
108,2015-04-25,15.9,9.2,23,,6.2,2.7,22.89,0
108,2015-04-26,17.3,9.9,24.4,,6.8,3.3,20.92,0
108,2015-04-27,18.5,12.7,24.9,,6.8,2.8,22.03,1
108,2015-04-28,20.3,12.3,26.9,0,5.8,2.1,19.07,7.1
108,2015-04-29,17,15.8,18.4,3.5,5.6,2.9,5.86,9
108,2015-04-30,21.2,15.1,28.3,,4.9,2.2,21.6,2.8
108,2015-05-01,21,15.9,27.2,,5.6,2.5,22.13,0
108,2015-05-02,20.7,15.8,26,.5,4.9,2.1,15.24,7.1
108,2015-05-03,18.3,17.1,19.6,3.5,4.2,2.1,5.26,8.9
108,2015-05-04,16.1,12.5,20.1,,7.9,4.2,24.18,1.6
108,2015-05-05,14.2,8.3,19.9,,6.4,3.4,25.05,.1
108,2015-05-06,15.4,9.8,22,,5.2,2.4,16.16,6.8
108,2015-05-07,16.5,10.6,24,,8,2.6,18.9,6
108,2015-05-08,16.7,11.7,22.7,,5.7,2.5,14.53,8.6
108,2015-05-09,17.6,12.6,24,,5.3,3,21.61,4.6
108,2015-05-10,19.1,13.5,25.9,,4.8,2.3,23.43,2.6
108,2015-05-11,18.4,14.4,24.1,14,6,3,13.34,8
108,2015-05-12,13.3,10.3,17.5,9.5,11.1,6.4,12.77,7.4
108,2015-05-13,17.4,11.8,21.4,0,10,5.3,23.36,1.8
108,2015-05-14,20.4,15.3,26.6,,6.5,3.3,19.15,4.8
108,2015-05-15,19.1,16.3,23.7,,4.6,2.7,10.61,6.3
108,2015-05-16,18,11.6,25.2,,6.5,3,25.62,.4
108,2015-05-17,18.6,11.7,25.2,,5.1,2.2,21.24,4.8
108,2015-05-18,17.7,13.7,22.2,,7.6,3.2,13.57,8.4
108,2015-05-19,14.8,13,16.2,1,5.9,3.6,3.31,9.4
108,2015-05-20,16.3,10.6,21.9,,5.6,3.1,24.87,2
108,2015-05-21,18.7,12.6,26,,7.2,3.7,24.6,2.5
108,2015-05-22,20,13.7,27.2,,6.7,2.9,24.5,2.9
108,2015-05-23,20.6,13.6,28.3,,6.1,2.5,23.67,1.9
108,2015-05-24,21,14,28.5,,5.4,2.4,25.64,0
108,2015-05-25,20.8,14.4,28.7,,5.6,2.7,24.39,0
108,2015-05-26,21.5,14.1,30.3,,6.3,2.7,25.46,.1
108,2015-05-27,23.2,14.4,31.5,,4.7,2,25.76,2
108,2015-05-28,24.3,16.7,32.2,,6.6,2.2,23.3,2.8
108,2015-05-29,23.8,18.5,29.8,,5.5,2.5,18.44,7.3
108,2015-05-30,19.8,17,23.2,.4,4.8,2.9,9.2,6.1
108,2015-05-31,22.1,15.3,30.4,,5.5,2.2,23.66,3
108,2015-06-01,21.7,15.8,28.5,,6.8,2.6,20.01,5.6
108,2015-06-02,23.1,18.1,29.8,,6.3,2.7,21.87,7.8
108,2015-06-03,23.3,17.1,29.4,,7.5,3.8,26.58,2.6
108,2015-06-04,24.2,17.1,31.5,,6.6,2.6,,4.6
108,2015-06-05,19.1,17.5,22,1,5,1.7,5.94,9.3
108,2015-06-06,22.4,16.4,28.9,,5.2,2.3,23.09,3.5
108,2015-06-07,23.4,18.7,31.5,,7.6,2.3,20.45,3.4
108,2015-06-08,22.4,18.2,27.8,,5.5,2.3,14.74,7.9
108,2015-06-09,22.2,18.8,28.1,,6.1,2.9,19.71,4.1
108,2015-06-10,25.3,17.6,34.9,,5.7,2.2,23.47,2.6
108,2015-06-11,24.6,20.7,30.2,7.5,5.4,2.8,11.53,7.3
108,2015-06-12,23.6,19.4,29.9,.5,7.8,3.8,22.5,5.8
108,2015-06-13,24.7,20.1,30.9,.5,6.1,3.2,16.79,7.1
108,2015-06-14,22.8,17.8,27.7,15.5,7.3,2.7,19.52,5.3
108,2015-06-15,24.2,19.6,30.6,,6,2.2,18.62,6.3
108,2015-06-16,25,20,30.9,,5.4,2.4,21.08,4.6
108,2015-06-17,23.4,20.2,30.8,9.5,6.7,2.6,15.34,5.4
108,2015-06-18,24.8,19.6,31.3,3,5.1,2.7,20.21,7.1
108,2015-06-19,24.5,20,29.9,,5.2,2.9,18.87,5.8
108,2015-06-20,19.6,17,22.6,44.5,5.3,1.8,3.25,7.5
108,2015-06-21,22.4,15.6,29.6,,5.1,2,23.21,.9
108,2015-06-22,24,19.4,29.1,,5.6,2.4,21.88,3.8
108,2015-06-23,24.7,19.7,31,,5,2.3,20.76,2.9
108,2015-06-24,25.7,21.1,30.6,,5.7,2.5,18.02,6.1
108,2015-06-25,24.8,21,29.1,2,3.6,2.1,11.93,8.9
108,2015-06-26,21,18,25.3,12.5,5.6,3.3,10.37,9.6
108,2015-06-27,25.2,19.2,31.1,,4.5,2.2,26.17,3.1
108,2015-06-28,25.4,21,31.1,,6.1,2.6,23.32,3
108,2015-06-29,25.7,21.2,30.6,0,5.4,2.8,22.5,6.8
108,2015-06-30,24.4,21.9,29.2,2.5,4.8,1.7,8.49,9.1
108,2015-07-01,23.7,21,27.9,.5,7.6,3.8,23.03,4.4
108,2015-07-02,23.7,20.4,29.3,,6.9,4,20.63,4.6
108,2015-07-03,23.3,19.2,28.3,,7,3,22.48,2.1
108,2015-07-04,24.1,18.2,29.9,,4.9,2.2,20.86,1.9
108,2015-07-05,24.2,20.1,29.6,,4.9,2.3,18.23,5.1
108,2015-07-06,25.3,20.2,32.5,,5.3,2.2,20.44,3.9
108,2015-07-07,25.6,21.4,29.7,,4.4,2,14.8,7.6
108,2015-07-08,23.4,20.7,26.3,.5,6.2,4,12.41,9.4
108,2015-07-09,26.5,22.1,31.8,,4.9,2.9,14.1,6.8
108,2015-07-10,29.2,23.6,34.3,,3.4,1.9,17.95,5.6
108,2015-07-11,30.4,25.7,36,0,4.8,2.1,17.99,7.5
108,2015-07-12,24.8,24,28,29,5.8,4,4.84,10
108,2015-07-13,23.1,21.4,24.9,10,8,5.2,3.52,9.5
108,2015-07-14,26.1,22.5,31.4,,6.4,3.5,20.45,5
108,2015-07-15,27.9,22.7,33.9,,7.1,2.9,19.53,3.3
108,2015-07-16,24.7,20.6,28.9,,6.7,5,20.99,3.9
108,2015-07-17,23.6,18.4,28.6,,5.8,3.6,18.65,6.1
108,2015-07-18,24.3,22.3,27.8,.5,4.6,2.2,8.93,9.9
108,2015-07-19,25.1,21.3,29.8,5,3.6,1.8,12.69,8.6
108,2015-07-20,27.5,24.4,31.2,,3.6,2.4,10.48,8.5
108,2015-07-21,27,24.6,29.6,11,3.4,1.6,7.53,9.5
108,2015-07-22,27.7,25.3,31.7,1,4.8,1.8,8.63,8.5
108,2015-07-23,26.9,24.9,32.1,16,6.2,2.1,8.55,9.5
108,2015-07-24,24.7,22.6,25.4,26.5,5.8,2,3.79,10
108,2015-07-25,25,24.4,26.4,80,6.4,3.2,1.93,10
108,2015-07-26,26,23.5,30,40.5,5.2,2.6,14.11,8.4
108,2015-07-27,26.2,24.4,30,1.5,4.5,2.3,9.43,8.4
108,2015-07-28,27.7,24.6,31.2,0,5.4,2.7,15.95,7.3
108,2015-07-29,26.7,24.8,28.8,4,5.7,2.6,5.49,8.4
108,2015-07-30,28.6,25.5,33.1,,7,3.5,15.12,6.9
108,2015-07-31,27.9,26.2,32.4,,6.3,2.7,14.93,6.6
108,2015-08-01,28.2,26,31.6,,6.4,3.1,11.43,6.9
108,2015-08-02,26.5,24.1,29.2,16.5,7.3,2.7,7.69,8.4
108,2015-08-03,27.9,25.6,31.5,0,7.2,3.8,12.74,5.8
108,2015-08-04,27.5,25.4,30.8,,7.8,4.5,9.77,8.5
108,2015-08-05,28.6,25.9,32.7,.1,7.8,3.7,15.78,6.6
108,2015-08-06,29.3,24.5,34.4,,4.3,2,21.48,3.1
108,2015-08-07,28.9,26,34.4,11,4.4,1.4,15.11,2.8
108,2015-08-08,26.6,24.3,33,7.5,8.1,2.1,11.69,6.5
108,2015-08-09,26.7,23.3,31,,4.9,2.1,16.75,6.6
108,2015-08-10,27,23.9,32,,4.9,2.3,18.83,6.5
108,2015-08-11,26.8,24.5,30.6,,5.9,2.1,11.2,6.4
108,2015-08-12,27.3,22.1,32.9,,4.8,2,19.87,2
108,2015-08-13,26.5,23.9,31.1,0,5.4,1.9,14.56,4.8
108,2015-08-14,26.9,22.7,32.5,,5,2.4,18.54,3.9
108,2015-08-15,27.1,23.1,30.8,.1,4.1,1.9,13.04,4.3
108,2015-08-16,25.8,20.7,31.2,29,4.7,2,9.39,8.3
108,2015-08-17,26.6,19.8,32.9,,4.1,2.2,20.18,3.3
108,2015-08-18,27.9,24.1,32.2,,4.4,2.5,16.34,5.1
108,2015-08-19,26.8,24.2,29.7,0,3.7,1.8,9.03,8.6
108,2015-08-20,25.4,24.2,28.1,.4,5.5,1.7,6.42,9.6
108,2015-08-21,25.2,23,29.3,2.5,4.2,2,10.35,7.1
108,2015-08-22,25.5,23.4,29.6,0,4.3,2.5,14.11,6.9
108,2015-08-23,26.3,20.9,31.7,,3.4,1.7,17.77,4.4
108,2015-08-24,26.3,23.3,30.3,,7.7,3.8,12.71,6.8
108,2015-08-25,21.7,19.2,24.5,5.5,5.3,3.2,4.19,9.9
108,2015-08-26,21.9,18.9,25.3,0,6.2,2.9,11.44,8.5
108,2015-08-27,24.7,21.2,30,0,5.2,3.1,21.75,1.9
108,2015-08-28,23.2,19,28.1,.3,4.3,1.7,12.64,5
108,2015-08-29,24.4,19,30.8,,4.6,1.7,17.29,1.3
108,2015-08-30,24.9,19.9,31,0,5.3,1.6,18.09,1.3
108,2015-08-31,25.9,21,31.2,,4.6,1.9,16.15,3.8
108,2015-09-01,25.9,22.6,30.7,,5.3,3.4,16.85,7.4
108,2015-09-02,23.9,22,27.7,.5,6.7,2.1,8.66,8.5
108,2015-09-03,23.9,19.8,28.2,18,5.3,2.3,16.1,4.1
108,2015-09-04,24.8,20.6,30.7,,5,2.2,15.13,5
108,2015-09-05,21.9,19.4,23.6,5,5.9,2.1,5.13,9.4
108,2015-09-06,22.2,19.3,26.2,,6.3,3.7,14.4,4.8
108,2015-09-07,22.6,16.8,28.7,,4.5,2.4,20.4,.5
108,2015-09-08,22.7,16.2,28.9,,5,3.2,21.41,0
108,2015-09-09,22.4,15.3,30.1,,5.9,2.9,20.51,.4
108,2015-09-10,22.4,17,28.4,,5.3,2.4,19.7,.9
108,2015-09-11,21,16.8,24.4,2.5,4.4,2.1,7.39,9.3
108,2015-09-12,19.2,15.5,24,,4.8,1.9,11.82,7.9
108,2015-09-13,20.2,15.2,26,,4.9,2.6,20.08,.5
108,2015-09-14,22.1,16.4,27.8,,3.8,1.6,14.36,3.6
108,2015-09-15,22.8,17.4,28.7,,3.8,2.2,19.02,3.8
108,2015-09-16,21.6,16,26.7,,4.4,2.5,19.62,4.8
108,2015-09-17,21.4,15.5,27.6,,5.1,3.1,19.7,1.5
108,2015-09-18,21.9,15.9,29.2,,5.1,2.4,18.02,2.5
108,2015-09-19,22.3,17,29,,5.4,2.4,17.45,2.6
108,2015-09-20,22.1,17.9,28.3,,4.6,2,13.58,4.5
108,2015-09-21,22.6,16.5,29.4,,4,1.5,14.14,.4
108,2015-09-22,23.9,18,31,,3.6,1.8,17.12,.5
108,2015-09-23,22,19,26.1,,3.2,1.7,7.24,6.6
108,2015-09-24,23.4,17.5,30.6,,4.3,1.9,16.16,3
108,2015-09-25,23.4,19,29.8,,4.9,2.5,14.77,2.9
108,2015-09-26,22.4,17.9,28,,4.3,1.8,14.47,1.9
108,2015-09-27,21.9,14.2,29.8,,4.2,1.9,17.46,0
108,2015-09-28,21.4,15.5,28.3,0,4.8,1.6,11.23,5.8
108,2015-09-29,22.1,15.9,28.2,,4.8,2.3,17.07,3.4
108,2015-09-30,21.3,19.4,26.2,,4.6,2.6,9.74,8.9
108,2015-10-01,16.3,10.7,19.7,35,8.2,3.6,1.74,8.3
108,2015-10-02,16.5,8.6,21.5,,8.6,3.7,14.08,2.8
108,2015-10-03,19.2,13.3,24.5,,6.5,3.8,15.91,4.5
108,2015-10-04,16.6,11.2,22.4,,4.1,1.8,12.36,6.3
108,2015-10-05,18,11,25.6,,4.9,1.9,16.27,.1
108,2015-10-06,18.7,12.1,26.3,,5,1.9,15.06,0
108,2015-10-07,19.6,14.1,25.7,,3.5,1.4,11.87,4.8
108,2015-10-08,20.1,15.7,26.4,,5.2,2.3,14.45,3.9
108,2015-10-09,16.2,12.8,20.5,,6,3.7,16.51,.8
108,2015-10-10,12.8,10.4,17.2,3.5,5.3,2.2,4.71,8.6
108,2015-10-11,10.8,8.1,14.4,3.5,6.1,2.4,5.97,6.8
108,2015-10-12,12.3,8.2,17.9,,7.1,2.7,15.18,2.3
108,2015-10-13,15,7.8,21.3,,6.7,2.5,13.78,.8
108,2015-10-14,17.1,10.9,24.5,,3.7,1.6,14.07,.1
108,2015-10-15,17.9,12.1,26.1,,4.2,1.8,13.21,3.1
108,2015-10-16,17.5,13.2,24.2,,4,1.8,9.97,2.4
108,2015-10-17,18.7,12.4,26.6,,4.3,1.7,13.82,0
108,2015-10-18,17.9,12.4,24.2,,3.8,1.3,11.68,.1
108,2015-10-19,18.1,13.6,23.9,,4,2,10.67,.5
108,2015-10-20,18.8,15.4,25.1,,4.1,1.6,10.77,2.9
108,2015-10-21,17.9,13.9,22.7,,3.8,1.6,9.93,0
108,2015-10-22,17.5,14.5,23.1,,4.3,2.2,9.2,2.1
108,2015-10-23,17.5,15.2,21.4,,4.9,2.4,7.24,6.1
108,2015-10-24,16.9,13.2,22,10.5,4.9,2.5,10.46,4.4
108,2015-10-25,16.3,12.1,22.8,,4.2,2.1,12.95,.9
108,2015-10-26,15,12,18.7,2,4.6,2.4,7.11,8.5
108,2015-10-27,12.1,7.7,15.9,26.5,6.7,3.2,9.17,4.6
108,2015-10-28,9.9,5.6,15.8,,5.9,2.5,13.01,.3
108,2015-10-29,8.4,3.2,14.7,.5,7.1,2.4,10.86,2
108,2015-10-30,5.4,1.7,10.4,,6.8,2.6,13.64,.1
108,2015-10-31,5.7,1.1,12.3,,5.2,2.1,13.52,0
108,2015-11-01,7,1.3,12.6,,3.4,1.6,8.35,7.3
108,2015-11-02,10.8,6.1,15.2,,5.2,1.6,8.68,4.9
108,2015-11-03,11.8,6.6,18.7,,3.5,1.4,10.84,0
108,2015-11-04,12.2,5.8,19.8,,3,1.6,11.07,2
108,2015-11-05,13.2,8.6,19.2,,4.5,1.7,9.56,2.5
108,2015-11-06,13.5,9.6,19.2,4.5,7.7,4.7,8.42,7.1
108,2015-11-07,10.5,9.3,11.7,24.5,7.3,6,2,10
108,2015-11-08,11.1,10.3,11.8,10.5,7.5,5.2,2.05,10
108,2015-11-09,10.8,9.8,12.1,3.5,3.9,2.1,3.48,9.8
108,2015-11-10,10,7.7,13.5,,4,1.8,6.06,5.9
108,2015-11-11,11.6,6.6,17.7,,4.1,1.6,9.47,3.6
108,2015-11-12,14.5,10.2,21,,4.5,2.8,11.05,3.1
108,2015-11-13,11.5,10.5,13.1,22.5,5.9,4,1.54,9.8
108,2015-11-14,12.8,11,14.2,3.5,3.9,1.4,2.24,9.4
108,2015-11-15,13.4,10.6,17.2,,3.9,1.8,8.5,6.3
108,2015-11-16,12.2,10.7,14,5.5,5.1,2.8,2.51,9.3
108,2015-11-17,13.9,11,19.3,,4.6,1.8,10.27,4.6
108,2015-11-18,10.4,8.4,12.6,5.5,7.2,5.1,1.53,8.9
108,2015-11-19,8.9,6.7,10.8,,5.2,2.6,2.82,7.6
108,2015-11-20,9.8,7.1,14.4,,4.5,1.5,6.66,5.8
108,2015-11-21,9.2,5,15.4,,4.6,1.8,9.03,2.1
108,2015-11-22,10.2,5.9,15.7,3.5,5.9,2.4,6.75,8.1
108,2015-11-23,8.5,6.5,11,6.5,5.7,3.3,3.56,9.5
108,2015-11-24,5.6,2.7,8.8,.5,5.7,3.1,4.6,8.3
108,2015-11-25,2.4,.9,5.3,11,5.5,2.7,2.16,9.4
108,2015-11-26,-2.7,-4.8,.9,0,6.2,3.7,3.63,7
108,2015-11-27,-2.8,-7.3,2,,5.8,2.6,7.12,4.4
108,2015-11-28,.1,-2.7,2.6,.1,3.8,2.1,2.62,7.6
108,2015-11-29,2.5,1,3.9,3,4.7,3.3,1.85,9.8
108,2015-11-30,4.1,.9,8.5,,4.3,2,9.51,2.5
108,2015-12-01,4,-1.3,10.4,,3.8,1.9,9.03,1.5
108,2015-12-02,6,2.9,8.5,13.5,7,3.2,1.46,7.8
108,2015-12-03,-.7,-3.2,3.3,7.1,8,4.1,2.76,8.3
108,2015-12-04,-.4,-4.4,3.1,,5.3,2.8,7.65,3.4
108,2015-12-05,3.4,.6,7.2,,6.7,3.1,9.01,6.3
108,2015-12-06,1.3,-2,7.8,,3.1,1.2,8.34,5
108,2015-12-07,1.9,-3.4,6.7,,4.3,1.8,8.99,1.9
108,2015-12-08,2.9,-1.4,9.6,,2.6,1.3,8.42,0
108,2015-12-09,5,-.8,10.9,,3.8,2.3,7.36,5.3
108,2015-12-10,7.8,5.8,9.2,.3,3.9,2.3,1.48,8.8
108,2015-12-11,6.4,3.3,12.2,,6.6,3.4,8.33,2
108,2015-12-12,5.2,1.1,11,,6.4,2.6,9.32,1.3
108,2015-12-13,5.2,.9,12.2,,3.3,1.4,8.85,1.6
108,2015-12-14,5,2.6,6.4,2.5,3.8,2.2,1.89,9.8
108,2015-12-15,4.7,2,8.2,.1,6.3,2.8,4.65,8
108,2015-12-16,-1,-5,2.8,,6.6,3.9,8.78,2
108,2015-12-17,-4.6,-7.4,-.4,,5.3,2.7,9.77,0
108,2015-12-18,-3.3,-7,-1,0,4,2.2,1.66,6.3
108,2015-12-19,-.1,-4.6,6.8,,3,1.7,8.78,.5
108,2015-12-20,1.5,-3.4,6,,2.9,1.5,5.74,7
108,2015-12-21,2.2,-.2,5,2,4.4,2.5,3.11,5.8
108,2015-12-22,3.1,-1.5,7.7,,4.3,2.4,7.97,3.8
108,2015-12-23,5.9,2.9,10.6,.4,4.2,2.1,6.87,4.5
108,2015-12-24,1.5,-1.6,5.3,,4.8,2.3,6,4.5
108,2015-12-25,-.8,-4.9,3.7,0,4.2,2,9.55,2.3
108,2015-12-26,.9,-3.2,4.7,.7,5.2,2.4,4.48,4.5
108,2015-12-27,-5.7,-8.9,-1,,5.2,2.9,9.75,0
108,2015-12-28,-5.7,-9.5,-1,,5.5,2.3,9.78,0
108,2015-12-29,-3.2,-8.7,2.9,,3.2,1.4,7.16,3.8
108,2015-12-30,.3,-3.5,4.3,2.5,4.1,2.5,5.43,6.9
108,2015-12-31,.7,-1.9,2.8,,3.3,1.5,3.98,5
108,2016-01-01,1.2,-3.3,4,,3.5,1.6,4.61,7
108,2016-01-02,5.7,1,9.5,,4.5,2,4.5,7.8
108,2016-01-03,6.5,5.1,9.4,,4,1.8,4.85,7.5
108,2016-01-04,2,-2.5,5.3,,5.1,3.1,9.03,4.4
108,2016-01-05,-2.7,-4.8,1.5,,4.6,2.3,8.22,3.4
108,2016-01-06,-1.7,-4.9,1.7,,3.8,1.8,4.69,6
108,2016-01-07,-3.4,-5.9,1.4,,5.2,2.5,9.76,.3
108,2016-01-08,-3.3,-6.9,1,,5.9,2,9.83,.5
108,2016-01-09,-2.1,-6.2,2.4,,5.3,2.1,9.28,4.1
108,2016-01-10,.3,-2.7,3.8,,5.1,2.6,9.35,2.6
108,2016-01-11,-3.8,-6.5,.9,,5,2.8,9.89,1.1
108,2016-01-12,-5.2,-9.1,.7,,5.1,2.5,10.02,.5
108,2016-01-13,-4.5,-8.2,.1,.4,4.9,2,6.69,5.5
108,2016-01-14,-3.4,-8.4,1.3,0,4.7,1.7,8.8,4
108,2016-01-15,-.4,-4.3,5.3,,3.4,1.8,7.85,3.1
108,2016-01-16,-.2,-2.1,2.8,.1,4.2,2.9,4.86,7.1
108,2016-01-17,1.7,-.7,5.4,,4,2.4,4.23,6.6
108,2016-01-18,-6.3,-12.3,.4,.2,8.5,4.8,8.31,6
108,2016-01-19,-12.8,-15.1,-8.9,,9,5.4,10.82,.5
108,2016-01-20,-10.5,-14.5,-5.2,,3.7,1.8,9.08,1.9
108,2016-01-21,-7.1,-10.2,-2.3,,4,1.8,8.41,3.9
108,2016-01-22,-7.6,-11.1,-3.8,,5.3,2.6,7.62,5.4
108,2016-01-23,-11.5,-16,-8.3,0,7.5,4,9.18,3.5
108,2016-01-24,-14.4,-18,-10.5,,5.4,3.2,10.54,0
108,2016-01-25,-9.4,-14.3,-3.4,,4.1,1.9,11.22,.9
108,2016-01-26,-3.3,-8.5,1.7,.3,5.4,2.3,6.5,6.1
108,2016-01-27,-1.1,-4.7,4.3,,4.5,2,9.55,2.4
108,2016-01-28,-.5,-5.6,3.5,,3.4,1.6,5.88,6.5
108,2016-01-29,1.9,-1.4,5.4,,4.4,2.3,4.19,7.5
108,2016-01-30,.6,-2.5,5.2,,4,2,8.01,4.5
108,2016-01-31,-3.9,-6.5,.3,,4.9,3.2,10.75,3.1
108,2016-02-01,-6,-9.1,-1,,5,3,12.01,.4
108,2016-02-02,-5.3,-10,.9,,4.4,2.2,12.05,0
108,2016-02-03,-2.4,-8.3,4,,4.8,1.9,10.46,1.8
108,2016-02-04,-.7,-4,3.9,,6.1,2.4,9.82,2.9
108,2016-02-05,-2.2,-6.8,3.4,,5.4,2.5,10.71,1.6
108,2016-02-06,-3.1,-6.2,2,,4.9,2.9,12.22,0
108,2016-02-07,-2.9,-8.3,3.5,,4.3,2,12.44,1
108,2016-02-08,1.3,-4.3,5.5,,7.4,3.1,5.55,6.9
108,2016-02-09,.3,-3.9,5.5,,6.3,3,11.45,.5
108,2016-02-10,2.7,-4.3,10.7,,3.3,1.6,12.74,0
108,2016-02-11,8.1,1.6,13.5,.1,5.2,3.5,7.87,6
108,2016-02-12,8.4,6.8,10,18,6.2,3.2,1.1,10
108,2016-02-13,11,5.8,14.4,21,6.9,3.3,3.78,9.9
108,2016-02-14,-2.6,-6.8,5.8,2.5,6.5,4.6,2.98,7.8
108,2016-02-15,-5.8,-10,-2.3,0,6.2,4,14.52,1.5
108,2016-02-16,-2.7,-6.7,1.1,.8,5.9,2.7,5.58,3.8
108,2016-02-17,0,-5.2,5.4,,5.7,2.3,14.42,.3
108,2016-02-18,3.5,-1.4,7.8,,7.6,3.2,8.26,5.4
108,2016-02-19,2.3,.1,4.4,,4.1,1.7,5.1,6.8
108,2016-02-20,1.3,-2.5,6.3,,6.3,2.9,13.13,1.9
108,2016-02-21,-.6,-4.2,4.4,,6.1,2.9,13.63,3
108,2016-02-22,1.1,-2.2,4.2,0,4,1.9,5.76,9.5
108,2016-02-23,.7,-4.5,4.5,.9,7.4,3.2,14.55,4.3
108,2016-02-24,-3,-6.8,2.2,,5.1,2.9,15.48,.3
108,2016-02-25,-.2,-5.8,5.7,,6.9,2.7,11.24,2.4
108,2016-02-26,2.2,-3.2,7.5,0,4.8,2.2,15.23,3
108,2016-02-27,3.3,.5,8.1,.2,4.6,2,11.21,6.6
108,2016-02-28,.7,-2.6,6.9,4.1,5.3,2.1,4.76,6.1
108,2016-02-29,-3.8,-5.9,-1.1,0,6.1,4,10.38,2.5
108,2016-03-01,-2.7,-7.5,2.1,,5.2,2.5,14.8,1.5
108,2016-03-02,3.1,-2.2,8.1,,7.1,2.9,8.08,6.4
108,2016-03-03,8.1,4.4,13.9,,4,1.9,10.26,5.6
108,2016-03-04,13.2,6.4,20.3,.1,4.3,2.7,14.61,5.3
108,2016-03-05,11.3,9.1,13.5,40,6,2.6,1.16,9.8
108,2016-03-06,7.9,4.3,12.9,.2,5.6,2.8,15.21,2.4
108,2016-03-07,8.1,4.8,12.2,0,3.6,2,4.36,8
108,2016-03-08,2.7,-1.4,7,,6.1,3.1,8.54,8.5
108,2016-03-09,.3,-2.7,5.3,,5.7,3.5,17.09,4.4
108,2016-03-10,-1.1,-4.3,3.1,,6.5,3.2,18.12,1.3
108,2016-03-11,-.5,-5.5,4.6,,5.5,2.6,18.25,0
108,2016-03-12,2,-3.3,6.4,,5.6,2.5,9.56,5.4
108,2016-03-13,3.7,1.9,6.5,.1,3.6,1.6,6.18,7.8
108,2016-03-14,4.7,1.3,9.6,,4.9,2.6,14.56,3.5
108,2016-03-15,5.2,-1,12.4,,5,2.2,16.25,3.8
108,2016-03-16,7.5,2.7,13.8,,5,2,16.66,2.4
108,2016-03-17,9.3,2,14.7,,3.2,1.4,11.77,6.1
108,2016-03-18,13.4,8.8,20.1,,5,2.4,13.54,4.4
108,2016-03-19,11.4,6.6,18.1,,4.8,2.5,16.37,0
108,2016-03-20,10.6,4.9,17.5,,4.6,2.2,17.03,.5
108,2016-03-21,9.9,5.5,16.1,,5.4,2.2,16.83,.1
108,2016-03-22,8,3.5,13.8,,5,2.5,15.38,3.9
108,2016-03-23,8.2,3.8,13.8,,5.9,2.9,16.73,3.1
108,2016-03-24,7.2,1.6,12.7,,5.4,2.4,18.91,.4
108,2016-03-25,7.1,2.1,12.6,,4.4,2.2,16.07,1
108,2016-03-26,6.5,2.1,12.6,,4.7,2.2,15.3,.5
108,2016-03-27,7.2,2.2,13.1,,6.4,2.6,17.19,0
108,2016-03-28,9.8,2.3,17.4,,4.4,2,17.82,.3
108,2016-03-29,11.3,7.6,17.1,.1,6.6,3.2,12.55,7.4
108,2016-03-30,11.5,7,18.3,,4.9,2.2,18.01,2
108,2016-03-31,13.5,6,21.4,,4,2.1,15.57,4.5
108,2016-04-01,15.3,7.3,23.8,,5.3,2,18.16,3
108,2016-04-02,15,9.6,21.7,,5.6,2.3,16.99,2.4
108,2016-04-03,10.7,8.2,12.7,2,5.4,1.7,3.23,8
108,2016-04-04,12.3,5.1,19.8,,4.7,2.2,20.8,2.3
108,2016-04-05,11.4,5.9,18.1,,6.2,2.5,20.04,.8
108,2016-04-06,14.4,6.6,22.9,3,4.2,1.9,15.13,6.8
108,2016-04-07,14.1,10.5,20.6,7.5,6.2,3,16.95,3.9
108,2016-04-08,11.1,7.8,18.7,,6.1,2.5,18.15,3.8
108,2016-04-09,10.7,7.4,14.1,,3.5,1.8,4.52,8
108,2016-04-10,13.4,9.3,20.7,,6.1,2.1,14.02,5
108,2016-04-11,12.5,5.7,19.4,,5,2.4,21.04,0
108,2016-04-12,14.1,10.3,19.4,,5.1,2.3,15.36,6
108,2016-04-13,15.6,11.4,21.4,1,3.6,1.7,13.86,5.1
108,2016-04-14,12.4,9.3,18.6,,4.9,2.6,14.06,2.3
108,2016-04-15,15,8.1,23.1,,5.6,2.6,20.94,0
108,2016-04-16,14.9,9.8,20.7,23.5,7.3,2.9,7.23,7.5
108,2016-04-17,10.8,8.3,14.5,20.5,8,4.7,13.8,6.1
108,2016-04-18,11.2,7.1,18.6,1.5,7.6,3.1,18.4,5.5
108,2016-04-19,12,6.5,19.2,,5.1,2.2,22.1,2.5
108,2016-04-20,14.3,10.1,20.9,.5,5.5,2.1,13.4,8.9
108,2016-04-21,13.5,10.3,16.9,17,5.2,2.8,6.09,9.4
108,2016-04-22,13.5,10.1,18.6,0,5.8,2.6,7.77,7.6
108,2016-04-23,13.5,7.8,19.8,,5.1,2.1,16.76,6.3
108,2016-04-24,15.5,8.1,23.7,,5.6,1.9,22.59,2.3
108,2016-04-25,17.2,10.2,25.3,,4.6,1.7,21.21,.8
108,2016-04-26,21.1,12.1,29.6,,4.7,2,19.74,5.9
108,2016-04-27,17.2,14.5,20.7,,5.4,3.6,8.39,9.6
108,2016-04-28,17.2,12.4,23,,4.4,2,18.95,6.4
108,2016-04-29,16.2,10.9,22.6,.3,4.9,2.5,21.79,2.5
108,2016-04-30,15.9,10.8,20.4,,6.5,2.8,8.93,5.4
108,2016-05-01,18.8,12.2,26,,5.2,2.2,17.07,5.6
108,2016-05-02,21.1,16.5,28.4,16.5,4.6,2.2,15.89,7
108,2016-05-03,12.9,8.9,17.6,27,8.7,4.9,1.63,10
108,2016-05-04,15.7,10.2,20.6,,8.5,5.1,24.88,1.6
108,2016-05-05,18.9,10.2,26.9,7.5,4,1.7,21.6,4.5
108,2016-05-06,16.3,13,18.6,9.5,4.7,2,1.91,9.3
108,2016-05-07,16.5,10.7,22.6,,5.7,2.6,23.93,2
108,2016-05-08,19.4,11.6,26.8,,5.4,2.1,23.51,5.4
108,2016-05-09,20.2,16.3,25.4,0,5.2,2,17.4,8.3
108,2016-05-10,14.5,12.5,18.1,13.5,5,2.3,4.6,9.1
108,2016-05-11,16.4,10.4,23.5,,5.3,2,24.41,2
108,2016-05-12,17.8,12.1,24,,5.6,2.7,23.94,3.3
108,2016-05-13,18.6,12.7,25.4,.5,4.8,2.1,24.86,3.6
108,2016-05-14,20.2,15.1,26.9,,5.6,2.3,23.78,5.5
108,2016-05-15,17.4,12.3,24.2,45,6.2,2.7,12.53,9
108,2016-05-16,15.9,10.8,21.9,2.5,6.1,3.2,24.54,3
108,2016-05-17,19.3,10.9,26.6,,3.9,1.9,24.69,0
108,2016-05-18,22.3,13.5,29.5,,4.6,1.9,25.77,.5
108,2016-05-19,24.3,16.3,31.9,,4.5,1.6,24.95,0
108,2016-05-20,24,16.8,31.6,,4.3,1.8,23.48,.6
108,2016-05-21,24.1,17.8,30.4,,3.5,2,24.05,2.6
108,2016-05-22,24.7,17.6,31.7,,3.6,1.9,24.63,2.8
108,2016-05-23,23.3,18.3,29.4,,4.8,2.1,17.7,7.5
108,2016-05-24,16.8,15.4,21.8,38.5,6,2.6,7.08,7
108,2016-05-25,19.7,15.3,24.4,,4.7,2.7,15.6,6.9
108,2016-05-26,19.4,17.5,22.9,0,4.3,1.8,8.3,8.1
108,2016-05-27,20.9,14.8,27.1,,3.8,1.7,20.68,7.1
108,2016-05-28,21.7,17.2,28,,4.5,2.1,23.9,2.9
108,2016-05-29,21.5,17.2,27.6,,5.2,2.3,20.67,4.1
108,2016-05-30,22.1,16.9,28.9,,6,2.4,24.57,0
108,2016-05-31,21.6,17.4,27.6,,5.3,2.5,21.99,2.9
108,2016-06-01,23.3,17.1,29.9,,4.6,2.1,24.45,2.4
108,2016-06-02,23.2,17.2,29.1,,4.6,2.4,25.38,.6
108,2016-06-03,22.2,17.6,27.7,,4.8,2.2,22.84,4
108,2016-06-04,21.2,18.2,26.3,,4,1.6,11.24,7.5
108,2016-06-05,24.7,17.3,32.2,,4.4,1.7,24.43,3.5
108,2016-06-06,23.3,20.8,28.4,0,3.8,2.3,15.57,7.4
108,2016-06-07,21.7,19.6,25.9,.1,4.6,1.7,9.42,6.8
108,2016-06-08,22.1,18.2,27.7,,4.7,2.3,20.45,5.1
108,2016-06-09,24.1,17.8,31.3,,4.8,2,22.84,1.4
108,2016-06-10,24.6,20.2,31.3,,5.5,2.2,21.74,2.1
108,2016-06-11,23.5,20.9,26.5,3,3.9,1.7,7.81,8.3
108,2016-06-12,23.5,19.9,26.7,1.5,4,2.1,10.48,8.3
108,2016-06-13,23.5,19.4,29.6,,5,2.4,19.87,5.1
108,2016-06-14,23.8,19.7,29.5,0,5.2,2.1,19.48,6
108,2016-06-15,20.9,17.4,24.5,15.5,5.3,2.7,7.05,9
108,2016-06-16,20.9,18.6,24.9,0,5.5,2.8,13.83,6.9
108,2016-06-17,23.8,18.6,29.1,,5.1,2.5,22.38,2.5
108,2016-06-18,24.5,20.1,29.9,,6,1.8,22.46,1.3
108,2016-06-19,24.1,20.3,29.3,0,5.3,1.9,18.36,4.4
108,2016-06-20,24.7,19.6,30.7,,3.6,1.7,16.89,6.8
108,2016-06-21,26,21,31.3,,4.3,1.7,16.41,6.1
108,2016-06-22,24.3,20.9,30.2,30.5,6.8,2,8.64,6.4
108,2016-06-23,24.7,19.6,29.4,.1,6.3,2.1,16.45,5
108,2016-06-24,23.1,21.1,25.7,3.5,5.3,2,8.81,7.3
108,2016-06-25,22.8,19.2,26.7,,5.9,2.8,18.54,4.5
108,2016-06-26,24.4,19.4,30.3,,5.2,2.7,25.57,.8
108,2016-06-27,24.4,19.9,29.5,,4.3,1.6,13.72,6.6
108,2016-06-28,24.7,20.4,29.7,,4.4,1.8,17.87,5
108,2016-06-29,25.3,20.9,30.2,,4.7,2.2,17.64,6.9
108,2016-06-30,24.6,23,26.9,.2,5,2.8,7.45,9.5
108,2016-07-01,24,22,26.6,108.5,4.8,2.3,3.23,9.9
108,2016-07-02,23.5,20.6,27.7,4,4.1,2.4,13.17,8
108,2016-07-03,23.5,21.1,26.8,,3.3,1.6,12.08,6.5
108,2016-07-04,21.8,20.2,24.1,29.5,5.8,3,5.05,9.1
108,2016-07-05,23.1,20.2,24.8,100.5,5.6,2.8,2.17,10
108,2016-07-06,22.9,20.3,26.9,0,3.7,1.9,15.62,6.8
108,2016-07-07,24,20.1,28.5,0,3.5,1.3,15.11,7.5
108,2016-07-08,27.3,21.2,32.4,,4.1,1.8,24.24,.1
108,2016-07-09,27.7,23.2,32.7,,4.8,2,24.33,3.1
108,2016-07-10,27.9,23.2,33.1,,3.8,1.8,20.7,7.3
108,2016-07-11,28.4,24.8,33.4,0,4.4,1.7,15.06,8.1
108,2016-07-12,26.3,22.1,30.9,3,4.6,2.1,17.79,7.3
108,2016-07-13,26.3,23.2,29.5,0,4.2,2.1,13.8,7.6
108,2016-07-14,27.5,24,32.4,.1,3.8,2.1,16.79,5.8
108,2016-07-15,26.2,23.7,29.2,1.5,4.7,2.6,12.2,9.3
108,2016-07-16,20.8,19.8,23.8,46.5,5.7,3.5,3.68,10
108,2016-07-17,21.7,20.4,23.1,2.5,5.7,2.6,5,10
108,2016-07-18,24.4,20.7,28.4,.2,3.7,1.5,14.65,5.9
108,2016-07-19,27.1,20.9,32.4,,3.3,1.5,20.48,3.6
108,2016-07-20,28.6,24,32.9,,3.5,1.9,15.58,5.4
108,2016-07-21,28.3,24.9,32.2,,3.6,2.2,15.16,6.8
108,2016-07-22,29.1,25.3,34.1,,4,2.2,17.51,6.5
108,2016-07-23,28.7,27.2,31.6,.5,4,1.9,9.93,8.8
108,2016-07-24,28,27,30.1,.5,3.4,2,6.61,9.6
108,2016-07-25,28.4,26.4,31.4,,4.2,1.9,9.71,6.6
108,2016-07-26,28.4,25.6,31.9,,5.2,2.6,13.94,6.8
108,2016-07-27,27.6,26.7,28.9,.5,6.1,3.2,4.67,9.4
108,2016-07-28,28,26.7,30.5,.2,5.1,2.8,17.82,6.3
108,2016-07-29,26.3,23.4,28.4,59.5,3.6,1.6,5.33,9.6
108,2016-07-30,28.6,26.4,33,.5,3.8,2.1,15.27,5.9
108,2016-07-31,28.9,26.6,32.8,.2,6,1.6,16.33,5.4
108,2016-08-01,28.4,25.8,32.4,,4.7,1.6,16.53,6.3
108,2016-08-02,27.2,25,31.1,2,6.3,1.2,9.03,7.6
108,2016-08-03,29.1,24,34.2,,3.2,1.6,19.2,4.1
108,2016-08-04,30.7,26,35.7,,3.4,1.6,15.8,1.1
108,2016-08-05,31.2,26.5,36,,3.8,1.8,17.78,1.9
108,2016-08-06,30.5,26.6,34,,4.3,1.7,13.56,1.9
108,2016-08-07,30.6,27,35,,3.9,1.9,20.68,.9
108,2016-08-08,30.5,26.4,35.5,,4.3,1.8,18.34,2.5
108,2016-08-09,29.3,26.4,33.6,1,5,1.9,12.45,3.8
108,2016-08-10,29.4,26.1,34.8,,4,1.9,16.98,4.4
108,2016-08-11,30.5,26.1,36.4,,4.4,2,22.2,.3
108,2016-08-12,30.4,26.4,35.9,,4.1,2,19.62,1.8
108,2016-08-13,30.2,26.8,35.1,,4.6,2.4,20.66,3
108,2016-08-14,28.9,27.3,31.8,.2,4.9,1.9,11.38,5.3
108,2016-08-15,29.1,25.8,34,0,4.5,1.9,17.09,6.1
108,2016-08-16,29.3,26.2,34.9,.5,5.5,1.6,12.39,4.5
108,2016-08-17,29.9,25.1,34.7,,4.3,1.9,17.75,3.3
108,2016-08-18,29.9,26.2,34.3,,3.3,1.6,11.68,7
108,2016-08-19,28.9,26.6,33.2,11.5,3.5,1.4,9.18,7.5
108,2016-08-20,30.1,26.5,34.9,,3.6,1.7,13.72,6.9
108,2016-08-21,30.7,26.9,36.6,0,4.2,2.1,17.95,4.4
108,2016-08-22,30.7,25.8,36.3,.4,4.5,2.1,18.91,3.6
108,2016-08-23,28.3,26,33,8,4.5,2.1,10.1,5.1
108,2016-08-24,29.1,26.4,32.9,0,3.5,1.8,13.97,5.4
108,2016-08-25,27.1,24,32.2,4.5,5.3,1.9,11.54,7.4
108,2016-08-26,23,19.5,28.2,20,7.3,3.6,17.17,4.3
108,2016-08-27,23.4,16.9,29.7,0,5.8,3.1,20.97,4.9
108,2016-08-28,21,18.3,24.5,1.5,5.7,2.6,10.21,8.3
108,2016-08-29,22.2,17.4,27.1,,4.6,2,16.17,5.1
108,2016-08-30,20.6,17.9,24.5,0,5.8,3.3,12.02,6.1
108,2016-08-31,17.7,16.1,19.2,17.5,6.9,3.8,3.02,8.4
108,2016-09-01,23.2,15.8,28.6,,8.1,3.1,13.76,2.9
108,2016-09-02,24.2,20.6,29,4.5,4.7,2.7,16.79,6.5
108,2016-09-03,23.9,20.4,28.6,.5,3.8,1.8,8.93,6.1
108,2016-09-04,25.6,22.1,29.6,,2.6,1.5,10.25,7.3
108,2016-09-05,26.4,23,31.1,,4.4,1.7,14.15,5.4
108,2016-09-06,24.7,21,29,,4.4,1.8,13.98,4.4
108,2016-09-07,24.3,20.9,28.6,,3.8,1.8,9.88,6.9
108,2016-09-08,23,21.5,26.5,4.5,4.5,1.3,8.27,8.1
108,2016-09-09,23.9,19.7,29.3,,4.6,1.8,15.29,4.4
108,2016-09-10,24.4,20,29.1,,3.3,1.6,12.96,6.3
108,2016-09-11,24.5,22.1,28.2,,3.1,1.7,9.83,7.1
108,2016-09-12,23.4,21.4,27.5,2.5,4.8,1.9,9.18,4.5
108,2016-09-13,24.6,19.6,30.8,,4,1.8,15.74,3.8
108,2016-09-14,24.6,21.4,28.9,,4.2,1.8,11.88,5
108,2016-09-15,23.9,18.8,29.5,,3.5,1.3,13.62,7.6
108,2016-09-16,24.6,20.4,29.5,,3.4,1.5,11.91,9.3
108,2016-09-17,23.1,18.5,28.2,7,5.4,2.9,13.53,4.9
108,2016-09-18,23.5,20.2,28.3,,4.8,3.1,15.29,5.4
108,2016-09-19,21.9,18.2,27.8,,5.9,3.5,16.12,1.4
108,2016-09-20,20.6,15.4,26.8,,5.6,3.1,19.23,1.1
108,2016-09-21,20.2,14.3,25.3,,3.7,2,15.52,5.6
108,2016-09-22,21.9,17.5,27.2,,3.6,1.8,15.24,3.9
108,2016-09-23,21.4,16.4,27.9,,3.4,1.6,14.3,2.6
108,2016-09-24,22.3,16.5,28.9,,3.7,1.6,14.56,3.3
108,2016-09-25,23,18.6,29.7,,3.6,1.2,12.66,6.8
108,2016-09-26,23.6,19.7,28.9,,4.6,1.8,11.48,5.4
108,2016-09-27,21,19.1,23.8,13.5,3.7,1.3,2.77,9.6
108,2016-09-28,19.9,18.7,21.8,.5,3.8,1.3,3.59,10
108,2016-09-29,20.4,18.2,24.8,,4.8,3,12.55,8.4
108,2016-09-30,20.5,17.7,23.5,,3.7,1.6,7.66,8.8
108,2016-10-01,21.1,17.5,25.6,,2.4,1.2,10.06,7.8
108,2016-10-02,19,16.7,22.4,18.5,5.9,2.7,2.6,9.8
108,2016-10-03,22.7,19.6,27.9,6.5,6.1,2.7,14.52,4
108,2016-10-04,22,15.6,29,,4.5,2.4,16.86,.9
108,2016-10-05,21.1,17.5,27.2,,4.7,3,11.59,3.4
108,2016-10-06,18,13.6,23.5,,5.6,2.6,15.52,2.8
108,2016-10-07,19.7,16.5,24.8,2,4.4,2.6,9.25,8.8
108,2016-10-08,16.8,10.3,21.8,6,6.2,2.9,12.09,5.5
108,2016-10-09,11.3,6.5,16.6,,5.2,2.9,16.46,3.3
108,2016-10-10,14,7.4,21.4,,3.8,1.6,15.29,4.4
108,2016-10-11,15.4,10,21.1,,3.9,1.8,11.48,6
108,2016-10-12,15.5,11.4,20.7,,4.1,2,13.98,3.3
108,2016-10-13,15.2,9.3,21.9,,3.5,1.4,13.22,3.8
108,2016-10-14,16.7,10.5,23.5,,2.7,1.3,11.82,0
108,2016-10-15,19.1,12.4,27.1,,2.6,1.3,12.6,4.1
108,2016-10-16,17.2,15.4,19.5,1.5,2.9,1.5,3.06,9.4
108,2016-10-17,17.5,14.5,21.7,,4.3,1.4,9.51,6.1
108,2016-10-18,17,11.2,24,,2.9,1.4,12.24,3
108,2016-10-19,18,14,24.3,,3.4,1.5,11.84,1.3
108,2016-10-20,18.6,12.9,25.8,,5,1.8,12.55,1.6
108,2016-10-21,17.9,15.7,22,,4.7,3,8.17,9.4
108,2016-10-22,18.3,14.5,22.8,,4.2,1.8,8.59,6.8
108,2016-10-23,13.3,10.6,17.8,2.5,6.3,4,2.33,9.4
108,2016-10-24,15.1,9,20.6,,3.7,2.4,13.55,5.6
108,2016-10-25,14.1,12.5,17.5,37,4.8,2.2,4.25,7.6
108,2016-10-26,13.3,10.5,16.3,0,3.5,1.4,5.48,5.4
108,2016-10-27,14.6,8.6,20.9,,4,1.9,9.88,6.5
108,2016-10-28,14.6,10.2,18.4,.3,5.6,2.5,7.11,8.8
108,2016-10-29,7.8,3.5,11.2,,5.7,3,6.54,6.6
108,2016-10-30,7.9,1.6,15.1,,2.7,1.5,13.56,.9
108,2016-10-31,5.7,.7,8.2,.5,4.9,2,2.14,7.4
108,2016-11-01,1.5,-2.4,6.6,,4.6,2.7,13.52,0
108,2016-11-02,4.1,-2.7,10.5,.1,4.2,1.4,10.76,4.4
108,2016-11-03,9.1,4.2,14.1,.2,5,1.6,9.91,4.9
108,2016-11-04,12.3,8.2,15.7,0,6.1,2.7,5.14,8.3
108,2016-11-05,15,12.2,18.1,0,5.1,2.2,5.09,7.3
108,2016-11-06,14,11.9,18.3,,5.6,3.4,8.91,7.5
108,2016-11-07,12.8,8.5,17.8,5.5,5.1,2.8,5.09,9
108,2016-11-08,4.1,.4,8.4,.5,5.6,3.5,10.89,2.4
108,2016-11-09,2.1,-3.2,8.6,,5.2,1.9,12.02,1.4
108,2016-11-10,6,1.5,9.8,.4,4.1,2,3.87,9.5
108,2016-11-11,9.1,6.2,14.2,4,5.7,2.2,9.97,2
108,2016-11-12,11.4,5.1,16.7,,5.4,2.3,9.07,3.3
108,2016-11-13,14.4,12.1,18.1,.5,3.5,1.7,6.62,7.3
108,2016-11-14,13.2,10.2,15.8,1.5,4.1,1.7,2.44,7.9
108,2016-11-15,5.2,2.5,10.2,,5.5,2.8,11.6,0
108,2016-11-16,5.2,0,12,,3.2,1.4,8.59,1.1
108,2016-11-17,9.1,4,16.5,,2.2,1.2,9.33,2
108,2016-11-18,10.3,4.9,14.6,0,3.8,1.9,6.39,5.6
108,2016-11-19,13,9.9,18.6,0,4.6,2.2,7.42,8.9
108,2016-11-20,9.8,6.4,15.3,,5.2,2.5,10.14,1.6
108,2016-11-21,9.5,5.1,14.6,,4.9,2.2,4.26,7.8
108,2016-11-22,2,-2.1,8.4,.2,6.1,3.9,7.38,8.4
108,2016-11-23,-1.8,-4.8,3.6,,5.7,3,9.14,3.4
108,2016-11-24,-2.5,-6.2,2.4,,4.8,2.1,10.5,0
108,2016-11-25,1,-3.5,6,,4.3,1.5,8.31,4.3
108,2016-11-26,.9,-.7,2.7,2.8,3.7,2.3,1.68,7.5
108,2016-11-27,3.3,.5,6.6,0,4.5,1.5,3.81,7.5
108,2016-11-28,1.4,-1.4,5.6,,4,2.5,9.47,0
108,2016-11-29,1.7,-2.8,8.6,,3.1,1.6,9.34,.1
108,2016-11-30,6,.7,9.8,1,3.6,2,4.37,8.9
108,2016-12-01,4.1,-1,7,,6.9,3.6,9.39,1.3
108,2016-12-02,1.6,-3.5,7.9,,4.2,1.8,9.82,0
108,2016-12-03,4.5,-.7,11.3,,2.6,1.4,8.76,5.5
108,2016-12-04,5.5,2,9.5,,2.8,1.2,4.16,8.8
108,2016-12-05,5.9,.5,10.3,1.5,6,3,4.3,7.9
108,2016-12-06,-1.1,-4.2,4.3,,5.2,2.5,9.97,0
108,2016-12-07,1.7,-2.7,7.5,0,4.2,2.3,5.96,3.9
108,2016-12-08,2.1,-3,6.1,3,3.4,1.7,5.28,6.1
108,2016-12-09,1.4,-2.9,4.2,3,5.8,2.8,8.5,3.9
108,2016-12-10,-1.6,-5.9,3.6,,4.8,1.9,9.45,.1
108,2016-12-11,-1.1,-6.1,6.4,,4.1,1.2,9.58,.4
108,2016-12-12,2.3,-3,6.3,,3.5,1.9,5.71,8
108,2016-12-13,3.4,-.4,8.8,,4.7,2,6.64,4.6
108,2016-12-14,-1.4,-2.3,-.1,.1,4.3,2.7,2.98,7.3
108,2016-12-15,-5,-7.6,-1.5,,5.3,3,9.64,0
108,2016-12-16,-4.7,-9.8,0,,4.7,2.2,9.62,2
108,2016-12-17,2.7,-2.7,8,0,3.9,1.8,6.21,6.6
108,2016-12-18,4.9,2.7,8.1,,4.1,1.9,3.06,8.5
108,2016-12-19,7.2,4.3,12,.1,4.8,2.5,5.32,6.9
108,2016-12-20,7.6,4.4,13.6,,3.4,1.2,7.86,2.4
108,2016-12-21,7.9,4.1,12.6,29,7.2,3.5,5.01,8.1
108,2016-12-22,5.5,1.5,11,23.5,6.3,3.5,1.37,9.8
108,2016-12-23,-2.5,-4.4,1.5,.1,6.5,3.6,2.35,8.9
108,2016-12-24,-2.4,-4.3,1.1,,3.3,1.8,4.96,5.5
108,2016-12-25,1,-4.5,6.4,,3.5,1.7,7.54,4.8
108,2016-12-26,2.5,1.3,4.4,0,4.2,1.4,1.66,8.6
108,2016-12-27,-2.3,-6.3,1.3,.5,5.8,3.5,9.29,2.8
108,2016-12-28,-3.7,-8.4,2.6,,4,1.8,9.22,1.9
108,2016-12-29,-4.2,-7.2,-1.1,.3,5.4,2.8,9.67,1.5
108,2016-12-30,-3.9,-9.1,1,,3,1.3,6.79,3
108,2016-12-31,.7,-3.6,5.7,0,2.9,1.5,5.28,6.6
108,2017-01-01,2.7,-1.6,6.9,,2.8,1.5,4.38,7
108,2017-01-02,5,1.8,9.2,.3,4.2,2.1,5.11,7.6
108,2017-01-03,2,-2.3,7.7,,4,1.8,8.51,1.1
108,2017-01-04,3.9,1,8.9,,4,1.7,8.68,2.6
108,2017-01-05,3.8,-.1,7.3,,5.6,3.1,4.27,8.4
108,2017-01-06,5.4,2.5,11.4,,5.1,2.4,7.04,4.1
108,2017-01-07,4.6,0,10.5,,3,1.4,7.45,3
108,2017-01-08,6.5,4,10.9,0,4.9,2.6,5.64,8.1
108,2017-01-09,1.5,-3.1,4.3,0,5.8,3.3,7.29,4.3
108,2017-01-10,-3.7,-7.4,1.1,,7,3.2,8.99,.8
108,2017-01-11,-3.8,-9.4,1.5,,5.4,2.1,9.47,1.9
108,2017-01-12,-2.2,-6.1,1,0,6.5,3.1,9.62,2.1
108,2017-01-13,-6,-8.6,-1.4,.6,7,2.9,8.18,1.8
108,2017-01-14,-8.4,-10.5,-5.4,,7,3.8,10.7,0
108,2017-01-15,-6.6,-11.5,-.9,,5,2.3,10.76,0
108,2017-01-16,-3.8,-8.9,4,,2.9,1.4,10.41,.1
108,2017-01-17,-2,-7.1,3.4,,2.6,1.5,7.58,4.4
108,2017-01-18,-.5,-3,2.8,0,3.1,1.3,4.48,4
108,2017-01-19,-1.2,-4.9,4.7,,4.6,1.6,8.08,6.3
108,2017-01-20,-4.4,-7.8,-1.4,4,6.4,3,6.88,4.8
108,2017-01-21,-5.2,-10,-.9,2.1,5.8,1.6,6.37,5.3
108,2017-01-22,-8.3,-10.9,-3.3,0,6.2,3.8,10.73,0
108,2017-01-23,-8.9,-12.6,-4.1,,4.7,2.2,10.81,0
108,2017-01-24,-7,-11.6,-1.3,,4.1,2,11.07,0
108,2017-01-25,-5.2,-10.2,.9,,4,1.5,10.78,0
108,2017-01-26,-1.3,-7.9,3.4,.3,5.6,2.2,7.06,6.9
108,2017-01-27,-2.6,-5.7,3.1,3,6.1,3.4,11.32,1.6
108,2017-01-28,-1.6,-8.2,4.3,,3.3,1.7,10.22,6.6
108,2017-01-29,.8,-.9,2.5,4.5,4.2,1.8,1.94,9.6
108,2017-01-30,-4.8,-7.9,-.9,.1,5.8,3.3,11.49,2.9
108,2017-01-31,-5.4,-9.9,.2,,3.5,1.7,10.8,3.1
108,2017-02-01,-4,-7.5,.7,,5.2,2.5,12.02,1.4
108,2017-02-02,-2.7,-9.2,3.3,,6,2.7,12.2,1.3
108,2017-02-03,1.5,-2.3,6.7,,4.4,1.5,10.33,2.3
108,2017-02-04,.9,-2.9,3.2,,3,1.6,3.59,7
108,2017-02-05,1.2,-1.5,2.3,.5,4.8,2.1,2.44,7.3
108,2017-02-06,-1.7,-4.4,2.6,,4.8,3,12.49,0
108,2017-02-07,-2,-5.6,3,,3.5,1.5,7.68,5.3
108,2017-02-08,-2.2,-4.9,.6,,4.9,2,5.84,6.8
108,2017-02-09,-5.3,-7.1,-2.1,,6.7,3.8,11.31,1.5
108,2017-02-10,-6.6,-9.3,-2.5,,6.2,4.1,13.12,.9
108,2017-02-11,-4.8,-9.2,.8,,5.6,2.8,13.41,.3
108,2017-02-12,-2.2,-7.4,4.2,,4.8,2.1,13.67,0
108,2017-02-13,.1,-5.4,6.1,,3.9,1.6,9.32,4.3
108,2017-02-14,.3,-4,6.5,,4.2,2.5,13.79,0
108,2017-02-15,1.8,-3.9,8,,3.4,1.4,11.14,0
108,2017-02-16,5.5,-1.9,10.3,0,4.1,2,5.08,5.8
108,2017-02-17,.8,-5.2,9,4,6.1,3.9,14.39,3.1
108,2017-02-18,-2.6,-7,2.9,,6.2,2.8,14.56,.6
108,2017-02-19,2.3,-3.4,5.7,1,4.5,1.9,5.12,7
108,2017-02-20,-1.5,-5.2,5.4,.5,7.8,4.2,14.19,2.5
108,2017-02-21,-.6,-7.6,6.9,,3.2,1.6,14.09,4.5
108,2017-02-22,1.7,-.9,2.9,5.1,6.7,2.7,2.21,9.9
108,2017-02-23,-1.5,-4.2,2.1,,6.7,3.8,15.33,1.1
108,2017-02-24,-.8,-5.8,4.4,,5.5,2.2,14.28,2.1
108,2017-02-25,2.6,-2.8,8.4,,5.4,2.3,15.11,1.8
108,2017-02-26,3.6,-1.5,10.1,,5.2,2.1,14.97,.1
108,2017-02-27,3.7,-1.8,10.7,,4,1.8,15.89,0
108,2017-02-28,5.6,-1.3,12.3,,4.2,2,14.29,2.1
108,2017-03-01,5,2,11.4,5,5.9,1.8,6.72,9.8
108,2017-03-02,1.8,-1.1,6.6,.5,5.7,3.1,15.81,4.1
108,2017-03-03,3.3,-3.1,10.4,,5,2.1,15.05,1.3
108,2017-03-04,5.7,.1,12.7,,3.9,1.6,15.33,.1
108,2017-03-05,5.2,1.2,10.4,.5,4.9,2.1,10.86,6.1
108,2017-03-06,.1,-2.8,4,,6.7,4,17.51,.5
108,2017-03-07,-1.3,-4,2.9,0,6.5,3.9,17.54,1
108,2017-03-08,-.1,-5.3,5,0,6.2,3.1,13.6,2.8
108,2017-03-09,3.2,-2.7,10.7,,7.3,3.1,15.76,.8
108,2017-03-10,4.8,-1.2,12.2,,5,2.2,17.26,.1
108,2017-03-11,7.3,-.2,16.7,,5.2,1.8,16.7,3
108,2017-03-12,8.2,4.4,14,0,6.1,2,8.84,9
108,2017-03-13,6.9,1.5,12.2,,5.1,2.5,16.79,3.4
108,2017-03-14,5.8,1,10.9,,6,3.2,17.81,.5
108,2017-03-15,6.3,.4,13.3,,5,2.1,17.71,.1
108,2017-03-16,6.2,1,13.4,,5.2,1.9,16.57,3
108,2017-03-17,7.7,1.2,15.7,,5.6,2,16.6,1.9
108,2017-03-18,9.5,5.9,16.1,,5.9,2.3,15.94,3.5
108,2017-03-19,10.9,3.2,18.9,,4.1,1.6,17.09,.3
108,2017-03-20,10.2,6,15.5,,4.3,1.8,6.43,8.3
108,2017-03-21,7.4,4.3,12.6,,6.2,3.1,14.74,2
108,2017-03-22,7.6,1.9,14.1,,5.4,2.5,18.17,4.8
108,2017-03-23,9.1,5.1,15,,5.4,2.2,15.76,4.6
108,2017-03-24,8.7,3.9,15.2,,4.9,2.1,14.18,6.8
108,2017-03-25,8.1,5,12.6,,4.9,2.1,12.08,6
108,2017-03-26,7.3,4.8,11.6,,5,2.2,12.83,7.1
108,2017-03-27,6.1,4.4,10.9,.4,8.5,2.5,8.45,6
108,2017-03-28,7.1,2.5,12.7,,4.6,1.9,13.18,6.4
108,2017-03-29,8.8,4.7,14.4,,4.6,2.3,17.57,4.3
108,2017-03-30,10.6,4.1,17.1,,4.4,1.9,17.17,4.9
108,2017-03-31,8.6,4.9,12.4,1.5,4.9,2.4,4.85,8.3
108,2017-04-01,9,4.8,15.1,1,5.2,2.1,15.86,4.8
108,2017-04-02,9,3.1,15.8,,5.3,2.1,19.44,.9
108,2017-04-03,11.4,4.3,19.2,,5.4,2.1,20.1,0
108,2017-04-04,14.1,6.7,21.8,,5,2,18.32,4
108,2017-04-05,12,10.8,14.2,37.5,5.5,2.4,3.29,9.9
108,2017-04-06,10.4,9.4,12.4,3,5.1,2.4,4.66,9.6
108,2017-04-07,14.5,9,23.5,,4.8,2.1,18.39,6.8
108,2017-04-08,13,8.6,19.9,.5,5.6,2.5,16.31,8.3
108,2017-04-09,14.8,10.6,20.5,.5,5.8,2.8,16.96,8
108,2017-04-10,16.5,10.1,23.3,,5.4,2.8,22.11,5.5
108,2017-04-11,15.3,11.5,20.2,,6.8,3.2,18.42,5.3
108,2017-04-12,11.5,8.8,16.4,,7,3.7,21.62,1.9
108,2017-04-13,12.7,6.3,19.6,0,5.4,2.5,16.62,3
108,2017-04-14,13,10.1,17.7,6,8.1,3.5,8.26,6.9
108,2017-04-15,16.8,10.9,24.3,,5.2,2.2,20.01,3.3
108,2017-04-16,18.7,12.9,24.4,,3.8,1.4,,8.1
108,2017-04-17,14.7,11.2,18,5.5,6.4,2.2,4.44,8.3
108,2017-04-18,11.7,9.4,17.4,7.5,6.1,2.5,6.2,5.3
108,2017-04-19,12.6,7,18.4,,6.6,2.9,23.08,2
108,2017-04-20,12.9,9.9,18.2,.1,4.8,2.3,10.27,7.4
108,2017-04-21,13.1,7.6,19.3,,4.8,2,18.12,3.1
108,2017-04-22,14.8,8.5,22.5,,6.6,2.1,21.83,.5
108,2017-04-23,14.9,8.9,21.7,,6.3,2.4,23.55,.1
108,2017-04-24,15.1,8.3,21.3,,6.2,2.7,21.56,4.8
108,2017-04-25,16,12.9,20.4,,5.1,2.7,,7.9
108,2017-04-26,15.1,10.5,20.2,,6.4,3.3,25.55,2
108,2017-04-27,13.6,7.9,19.8,,6.7,3.3,24.94,.4
108,2017-04-28,14.4,8.9,21.5,,6.5,3,22.59,3.3
108,2017-04-29,17.1,9.6,23.7,,6.1,2.7,24.45,0
108,2017-04-30,19.3,13.7,27.8,,5,2.6,21.96,0
108,2017-05-01,20.1,12.8,28.3,,4.7,1.9,24.3,0
108,2017-05-02,20.7,15.2,28,,4.5,2.1,20.21,3.1
108,2017-05-03,21.5,14.5,30.2,,7.4,2,24.05,0
108,2017-05-04,21,14.8,27.5,,5.4,2,17.89,7.4
108,2017-05-05,20.9,15.5,27,,6.9,3.2,23.38,5.1
108,2017-05-06,14.9,10,19.3,,8.1,3.8,25.23,.9
108,2017-05-07,16.6,10.9,22.8,,6.5,3.2,25.9,.5
108,2017-05-08,17.9,11.1,23.5,,4.4,2.1,16.92,7.3
108,2017-05-09,17.1,15.3,22.6,2.5,3.9,1.6,8.34,9.4
108,2017-05-10,16.4,14.2,20.8,2.5,5.8,2.5,15.29,6.9
108,2017-05-11,19.3,13.1,24.8,0,4.3,1.8,16.69,7.6
108,2017-05-12,19.1,16.8,21.1,,5,2.1,5.57,8
108,2017-05-13,16.4,12.4,22.6,6,8.5,3.1,8.35,6.8
108,2017-05-14,15.7,11,20.7,,6.7,3.7,27.71,.6
108,2017-05-15,16,12.3,20.1,0,4.8,2.8,17.5,5.5
108,2017-05-16,17.1,13.3,22.3,,4.2,2,16.79,6.4
108,2017-05-17,18.6,12.3,25.9,,5.4,2.1,26.53,.6
108,2017-05-18,20.4,13.9,26.9,,5.5,2.3,24.44,1.5
108,2017-05-19,21.1,15.1,27.9,,5.5,2.6,26.72,0
108,2017-05-20,20.9,15.4,27.3,,5.7,2.4,24.18,5.1
108,2017-05-21,21.5,16,27.6,,4.7,2.3,26.62,2.8
108,2017-05-22,21.8,15.9,28,,5,2,22.27,2.8
108,2017-05-23,20,17.2,24.4,5,4.4,1.9,11.66,9.1
108,2017-05-24,21.8,16.9,27.8,.1,4.6,2,24.99,2.9
108,2017-05-25,19.2,14.4,24.4,,7,3.4,24.3,.9
108,2017-05-26,17.7,12.4,23.2,,5.3,2.9,25.32,1.9
108,2017-05-27,19.5,13.7,26.4,,4.9,2.2,26.95,.1
108,2017-05-28,21.2,14.4,27.9,,5.4,2.7,23.57,1
108,2017-05-29,22.9,18.1,29.3,,5.3,2.3,22.29,4.6
108,2017-05-30,23.6,18.6,30.3,,5.4,2.4,21.3,6
108,2017-05-31,23.3,17.7,29.6,,4.8,1.9,20.09,5.4
108,2017-06-01,23.3,20,27,,6.2,3.1,21.83,4.3
108,2017-06-02,20.5,15.5,25.6,0,5.2,2.8,25.66,3.1
108,2017-06-03,20.5,16.1,26.5,,6.2,3,27.88,1.9
108,2017-06-04,21.7,15.1,28.1,,5.6,2.6,27.49,1.8
108,2017-06-05,24.2,16.4,30.3,0,4,1.9,26.62,4.9
108,2017-06-06,19.4,14.5,23.9,15.5,5,2.5,7.4,9.8
108,2017-06-07,17.6,15.1,19.2,12.5,4.6,2.4,3.47,8.8
108,2017-06-08,20.1,15.1,25.9,,5.5,2.8,25.61,3.9
108,2017-06-09,21.2,17.9,25.7,.1,6.4,3.3,16.67,6.9
108,2017-06-10,21.5,16.7,27.5,4.5,4,2.3,24.26,6.9
108,2017-06-11,22.8,14.8,29.6,,5.5,2.2,28.53,1
108,2017-06-12,22.1,17,28,,4.9,2.8,24.22,4.9
108,2017-06-13,21.5,18.3,25.9,0,6.1,2.4,21.29,7
108,2017-06-14,21.8,17.8,26.8,,5.4,2.8,25.27,1.6
108,2017-06-15,23.1,18,29.6,,5.4,2.5,24.81,1.5
108,2017-06-16,25.5,20,32.7,,4.6,2.2,24.11,1.3
108,2017-06-17,24.2,20.6,29.9,,5,2.4,24.5,0
108,2017-06-18,24.3,18.6,31.8,,5.3,2.3,26,.8
108,2017-06-19,24.8,19.5,30.2,,4.2,1.8,21,5.6
108,2017-06-20,26,20,32.7,0,5,2.1,18.81,6.6
108,2017-06-21,25.4,21.7,31.6,0,6.3,2.9,23.53,3
108,2017-06-22,25.3,21.2,30.4,,4.9,2.5,23.53,3.9
108,2017-06-23,26.7,21.3,34.1,,5.7,2,22.75,4.1
108,2017-06-24,24.5,21.5,27.8,3.5,5.2,1.2,7.22,9.5
108,2017-06-25,23.8,21,28.4,1.5,3.6,1.5,12.96,7.1
108,2017-06-26,23.1,20.1,29.9,29,6.4,2.2,14.3,8.8
108,2017-06-27,25.2,20.8,30.5,0,4.3,2.2,18.34,6.4
108,2017-06-28,26,22.5,30.5,,4.6,2.1,16.7,6.1
108,2017-06-29,26.2,21.9,31.5,,4.7,2.2,21.06,3.8
108,2017-06-30,25.9,22.2,30.9,,4.3,2.2,19.45,4.9
108,2017-07-01,25.3,22.4,30.7,.5,4.6,2,13.89,9.4
108,2017-07-02,24.3,21.9,26.8,92,7.3,2.5,5.5,10
108,2017-07-03,24.7,21.9,27.4,67.5,6.2,3.5,9.19,9.9
108,2017-07-04,26.7,23.8,31.6,.5,4.9,2,19.73,6.5
108,2017-07-05,27.4,23.3,32.6,,4.1,1.5,18.39,4.8
108,2017-07-06,27.6,23.9,34.6,34,5.3,1.7,19.12,7.1
108,2017-07-07,26.4,24.4,28.4,16.5,4.8,2,6.32,9.5
108,2017-07-08,26,24.6,27.6,4.5,5,2.6,4.66,9.9
108,2017-07-09,26.3,23.8,30.3,32.5,3.1,1,9.27,9.6
108,2017-07-10,24,22.6,25.4,144.5,5.9,2.3,2.01,10
108,2017-07-11,26,22.2,30.9,1,4.4,2.1,13.94,8.8
108,2017-07-12,27.1,24.9,31.1,0,4.6,2.3,17.01,6.1
108,2017-07-13,27.6,23.1,32.1,,4,1.5,19.23,2.6
108,2017-07-14,28.7,26.1,33,0,6,2.1,16.04,7
108,2017-07-15,25,23.4,27.3,42.5,5.2,2.2,5.65,10
108,2017-07-16,26.2,23.4,28.8,22.5,4.3,1.4,10.5,9.4
108,2017-07-17,26.8,24,29,7.5,4.3,2,11.18,9.1
108,2017-07-18,26.5,23.9,30.7,2.5,3.5,1.6,11.5,7.4
108,2017-07-19,28.3,24.5,34.1,,4.6,1.8,20.43,5.9
108,2017-07-20,29.9,26,34.9,,4.8,2.2,20.59,2.4
108,2017-07-21,29.8,27.3,32.4,,3.9,2.5,10.81,8.6
108,2017-07-22,29.3,27.5,32.5,.5,4,2.3,10.01,9.5
108,2017-07-23,27,26.1,28.1,133.5,4.1,2.1,2.72,9.8
108,2017-07-24,26.2,25.6,27.3,3,2.7,1.2,5.17,9.4
108,2017-07-25,29.4,24.6,35.4,,4.6,1.9,21.74,4.3
108,2017-07-26,28.7,24.2,32.8,,4.8,2.7,22.61,3.5
108,2017-07-27,27.1,24.9,29.7,3.5,3.6,1.9,10,9.4
108,2017-07-28,25.5,24.8,26.9,8.5,3.1,1.5,3.38,9.6
108,2017-07-29,27.2,25,30.1,0,3.9,2.3,11.78,7.5
108,2017-07-30,27.9,24.7,32.6,,4.2,1.9,18.56,7.9
108,2017-07-31,25.7,24.8,27.1,3.5,3.5,1.4,4.34,9.6
108,2017-08-01,28.6,24.1,33,2,3.3,1.7,18.08,7
108,2017-08-02,30,26.6,33,,2.5,1.3,11.98,5.1
108,2017-08-03,30.2,27.2,33.9,,4.3,2.2,21.79,5.6
108,2017-08-04,30.3,25.9,35.3,,4.6,2.1,22.18,6.3
108,2017-08-05,31.4,27.6,34.8,0,5.3,1.9,16.84,4.1
108,2017-08-06,29.8,28.2,34,5,4.6,1.9,11.98,6.9
108,2017-08-07,29.2,26.4,34.4,,5.3,2.4,22.74,3.3
108,2017-08-08,28.2,25.5,31,,5,1.9,13.47,8
108,2017-08-09,27.6,24.6,32,2.5,4,2.3,14.17,9.1
108,2017-08-10,24.8,23.9,26.3,5.5,3.4,2,6.21,9.9
108,2017-08-11,27,23.9,32.4,.5,4.1,2.3,15.55,5.9
108,2017-08-12,27.8,23.2,32.6,,3.9,2.1,18.42,5.6
108,2017-08-13,26.3,24.2,28.4,0,5,2.8,11.22,8.9
108,2017-08-14,24.6,23.1,27.1,1.5,5.7,3.6,7.26,9.6
108,2017-08-15,21.9,20.8,24,93.5,5.5,3.6,3,10
108,2017-08-16,23.3,20.5,26.8,2,5.1,3.7,10.41,9.6
108,2017-08-17,24.8,21.2,27.7,.5,3.9,2.1,9.67,8.1
108,2017-08-18,26.3,23.9,30.6,0,3.7,1.3,12.1,8.3
108,2017-08-19,26.1,23.1,28.7,0,3.3,2,9.79,8.1
108,2017-08-20,23.2,22,25.8,124.5,4.7,2.9,3.48,10
108,2017-08-21,25.8,23.7,29.2,5,5.3,2.4,10.72,7.6
108,2017-08-22,27.3,23.4,31.5,,3.7,1.9,16.45,4.4
108,2017-08-23,27.2,24.6,30.2,31.5,6.2,2.6,8.22,9.4
108,2017-08-24,26.5,23.9,28.1,14,7.7,4,3.62,7.9
108,2017-08-25,25.3,22.2,30.6,,5,1.7,20.24,6
108,2017-08-26,24.2,19,29.2,,4.9,2,24.43,1.9
108,2017-08-27,22.7,19,26.7,0,2.6,1.4,10.32,8.3
108,2017-08-28,21.5,18.3,26.5,9,4.4,1.5,6.82,9.1
108,2017-08-29,19.5,17,24,,5.3,3.2,21.08,6.5
108,2017-08-30,19.8,16.1,23.9,,4.5,1.5,9.64,7.1
108,2017-08-31,22.2,16.6,27.6,,4.1,1.6,19.21,.9
108,2017-09-01,23.3,17.1,29.7,,4.4,2.2,22.7,.4
108,2017-09-02,23.8,18.6,29.6,,4.2,1.8,19.67,2.9
108,2017-09-03,23.7,19,29.2,,3.3,1.6,15.85,3
108,2017-09-04,24.6,19.7,30.1,,3.2,1.6,17.94,6.1
108,2017-09-05,21.9,20.4,23.7,0,3.3,1.7,5.38,8.8
108,2017-09-06,20.6,18.5,24,2,2.8,1.2,6.06,9.6
108,2017-09-07,22.4,17.8,27.5,,3.7,1.4,14.01,5.6
108,2017-09-08,24.3,20.4,29.9,,3.9,1.7,19.77,3.8
108,2017-09-09,23.8,19.2,28.2,,3.6,1.4,16.69,2.8
108,2017-09-10,23,19.9,26.1,.5,2.7,1.4,7.34,9.3
108,2017-09-11,21.2,18.6,24.6,24,3.9,1.7,8.17,7.6
108,2017-09-12,22.1,17.7,27.9,,4.8,1.9,19.09,.6
108,2017-09-13,21.4,15.9,27.5,,4.2,1.9,21.6,0
108,2017-09-14,22.4,14.8,29.5,,3.2,1.7,20.59,1.5
108,2017-09-15,22.6,17.8,27.9,,5.9,3.6,19.03,3.9
108,2017-09-16,22,16.7,27.6,,5.7,3.6,20.23,3.1
108,2017-09-17,23.1,19,29.2,,5,2.7,19.04,3.5
108,2017-09-18,21.9,16.4,27.6,,4.7,2.1,18.98,1.8
108,2017-09-19,22.6,20.1,25.8,8,6.8,3,7.26,7.9
108,2017-09-20,19.5,14.1,24.9,,5,2.4,20.74,.8
108,2017-09-21,20.3,14.2,27,,3,1.6,19.35,.5
108,2017-09-22,20.6,15.4,26.8,,4.4,2.1,16.7,3.5
108,2017-09-23,21.8,17.6,27.3,0,3.7,1.6,13.3,6.6
108,2017-09-24,22.4,18.8,27.9,0,4.6,2,11.77,6.9
108,2017-09-25,23.4,17.4,30.1,,3,1.4,16.62,2.5
108,2017-09-26,25.1,19.4,31.4,0,3.3,1.9,15.66,4.9
108,2017-09-27,22.7,19.9,27.3,.5,4.3,1.7,.02,8.8
108,2017-09-28,19.2,14.2,25.3,,6,2.8,11.81,2.5
108,2017-09-29,17.4,11.2,23.5,,5.4,2.2,13.75,3.1
108,2017-09-30,20,14.7,25.9,,3.9,1.5,6.11,3.5
108,2017-10-01,18.2,15.5,21.2,4,4.3,2.3,3.06,8.9
108,2017-10-02,22,15.6,29.4,1.5,5.8,2.3,11.2,2.6
108,2017-10-03,17.6,13.4,23.6,,5.4,2.3,7.19,5.8
108,2017-10-04,16.7,10.7,24.3,,4.4,1.8,9.93,6.6
108,2017-10-05,18.7,13.9,23.4,,3.4,2.1,7.21,8
108,2017-10-06,18.9,16.2,23.3,.5,4.4,2.3,5.32,8.5
108,2017-10-07,21.9,16.9,28.8,0,2.9,1.2,9.17,7.5
108,2017-10-08,23,19.3,28.7,,3.6,1.4,9.32,4.8
108,2017-10-09,22.5,19.8,27.6,0,3,1.5,7.24,6.5
108,2017-10-10,21.4,18.6,24.8,.4,3.8,1.3,3.75,9.3
108,2017-10-11,15.5,12.2,21.7,20,5.5,2.9,3.87,9.3
108,2017-10-12,11.4,8.8,,,4.5,2,2.23,7.1
108,2017-10-13,12.8,6.1,18.9,,6.9,3.2,9.41,3.4
108,2017-10-14,14.4,9,20.5,,,,10.58,4.9
108,2017-10-15,15.8,9,23,,3.8,1.7,9.97,5.4
108,2017-10-16,16.6,13.6,22,,3.9,1.7,7.3,7.9
108,2017-10-17,16.2,9.2,23.9,,3.1,1.3,10.3,.4
108,2017-10-18,16.5,14.2,19.1,.1,3.8,2.4,3.13,9.3
108,2017-10-19,17,11.9,23.2,,3.4,1.8,9.08,3.8
108,2017-10-20,17,11.1,24.2,,3.5,1.5,9.75,.1
108,2017-10-21,17.6,11,25.2,,3.5,1.3,9.75,0
108,2017-10-22,16.3,11,23.5,,7.2,3.1,8.97,1.8
108,2017-10-23,13.7,8.6,20.6,,3.2,1.4,9.37,0
108,2017-10-24,14.4,9.9,20.9,,3.3,1.9,7.95,3
108,2017-10-25,14.4,9.5,20.6,,3.7,1.5,9.17,2.9
108,2017-10-26,14.5,10.7,18.1,,3.2,1.2,4.42,8.6
108,2017-10-27,16.9,11.9,24.2,,2.9,1.2,8.47,1.9
108,2017-10-28,17.2,10.6,24.8,,5.1,2,8.75,.1
108,2017-10-29,11.5,6.3,17.2,,7.6,3.3,7.94,0
108,2017-10-30,7.7,2.5,13.2,,4.8,2.4,9.16,0
108,2017-10-31,10.4,3.6,16,,4.4,1.8,8.01,1.8
108,2017-11-01,14.4,11.5,18.1,,3.8,2.1,2.94,8.5
108,2017-11-02,15.5,14,18,1,3.7,1.6,2.28,8.8
108,2017-11-03,12.3,6.1,16.6,1.5,5.5,3.2,5.24,5.6
108,2017-11-04,7.8,4.5,13.7,,4.6,2.5,8.3,2.4
108,2017-11-05,8.4,2.6,15.4,,3.7,1.5,,3.3
108,2017-11-06,11.4,8,16.5,,3.9,1.5,6.24,5.5
108,2017-11-07,14.4,9.2,18.4,0,3.1,1.5,4.41,9.1
108,2017-11-08,13.1,6.9,17.2,0,5.6,3,7.21,3.9
108,2017-11-09,9.4,3.7,16.8,,2.5,1.2,7.63,0
108,2017-11-10,9.8,5.3,15.9,7.5,6.3,3,2.05,4.4
108,2017-11-11,5.9,2.7,10.7,,4.3,2.2,8.18,0
108,2017-11-12,5.3,.3,11.4,,3.2,1.4,6.72,1.5
108,2017-11-13,8.4,3.1,11.8,4.5,4.4,1.9,2.85,7.9
108,2017-11-14,7.5,2.9,11.4,,5.5,2.4,7.48,1.9
108,2017-11-15,3.2,-1.1,6.5,,6.7,2.8,7.34,4.1
108,2017-11-16,1,-3.4,6.4,,3.8,1.5,7.66,0
108,2017-11-17,3,-1.6,5.8,0,4.8,2.2,1.24,8.5
108,2017-11-18,-2.1,-4.8,2.6,,5.7,3.4,7.97,0
108,2017-11-19,-1.6,-6.6,3.5,,5.7,2.2,7.42,2.8
108,2017-11-20,-.4,-3.9,4.2,0,3.1,1.4,,3.5
108,2017-11-21,1.3,-4.2,8.1,,2.7,1.4,7.14,1.1
108,2017-11-22,4.3,.6,10.8,.5,6.1,2.4,4.17,5.1
108,2017-11-23,.9,-2.5,4.7,1.2,6.3,2.1,5.25,4.8
108,2017-11-24,-.4,-2.5,2.9,0,4.9,1.8,6.34,3.3
108,2017-11-25,3,-3.3,7.3,24,4.1,1.8,2.08,7.5
108,2017-11-26,3.3,-.3,7.6,,5.5,1.8,5.95,4.3
108,2017-11-27,2.5,-2.9,9.5,,2.4,1.3,,.9
108,2017-11-28,6.4,1.3,11.2,.5,2.8,1.1,4.21,8.4
108,2017-11-29,3.2,-1.8,8.1,0,5.4,2.8,7.04,5.4
108,2017-11-30,-2.4,-5.2,2.7,,5.7,3.3,,2
108,2017-12-01,-2.2,-7.6,3.1,0,4.4,1.6,5.97,2.3
108,2017-12-02,1.9,-4.6,8.1,,3.3,1.7,6.33,3.8
108,2017-12-03,4.9,3.1,8.1,4,2.8,1.5,3.01,9
108,2017-12-04,-1.2,-6.1,4.5,.1,6.7,3.4,6.79,1.4
108,2017-12-05,-4.2,-8.2,-.4,.1,,,.86,1.6
108,2017-12-06,.2,-4.5,6,1.2,3.5,,6.14,7
108,2017-12-07,.7,-3.5,4.6,,3.8,1.7,5.85,3.5
108,2017-12-08,-3.8,-7.1,-.5,,4.1,1.8,6.89,2.1
108,2017-12-09,-.5,-5.6,5.4,,2.6,1,6.32,2.8
108,2017-12-10,1.1,-2.5,6.7,4.1,6.3,2,2.08,7
108,2017-12-11,-7,-11,-2.5,,6.4,3.5,7.01,.3
108,2017-12-12,-9.4,-12.3,-5.2,,4,2.1,6.8,0
108,2017-12-13,-8.7,-12,-4.4,,4.2,1.7,6.81,0
108,2017-12-14,-6.6,-11.2,-1.9,,1.9,.9,3.7,5.9
108,2017-12-15,-3,-7.5,.9,0,3.9,1,2.41,7.3
108,2017-12-16,-5.7,-8.1,-2.6,,5.7,3,6.4,0
108,2017-12-17,-6.7,-10.8,-2.3,,4.1,1.9,6.51,1.1
108,2017-12-18,-1.6,-5.9,3.3,3.4,3.9,1.2,1.66,6.8
108,2017-12-19,-3.9,-6.5,-1,,4.3,2.1,6.61,1
108,2017-12-20,-3.9,-8.5,-.1,.2,3.5,1.1,3.36,7.1
108,2017-12-21,-.9,-5.6,4.6,,2.6,1.2,6.15,.4
108,2017-12-22,3.4,-1.9,6.6,,3.2,1.1,3.41,8.4
108,2017-12-23,6.1,5,8.7,,2,1.1,3.28,8
108,2017-12-24,2.9,-.6,5.7,20,5.1,1.9,.7,6.6
108,2017-12-25,-2.1,-4.9,.6,,4.6,2.8,6.77,2.1
108,2017-12-26,-3.8,-7.9,-1.1,,5.8,2.9,6.72,.3
108,2017-12-27,-6.9,-10.3,-2.6,,4.4,1.9,6.61,0
108,2017-12-28,-2.1,-6.8,.8,0,3,1.3,3.79,8.5
108,2017-12-29,2.1,-.4,6,0,3.8,1.1,3.87,4.6
108,2017-12-30,1.4,-1.2,4.5,.7,2,.9,2.25,9.3
108,2017-12-31,-.3,-3.2,3.3,1,4.8,2.3,6.63,1.9
108,2018-01-01,-1.3,-5.1,3.8,,3.8,1.4,6.14,1
108,2018-01-02,-1.8,-4.3,1.8,,4.9,1.8,5.36,2.3
108,2018-01-03,-4.7,-7.1,-.4,,3.5,2.2,6.56,3.6
108,2018-01-04,-4.7,-8.7,-.7,,3.5,1.4,4.73,6.5
108,2018-01-05,-3,-5.6,1.6,,3.6,1.7,5.96,3.6
108,2018-01-06,-2.8,-6.8,2.9,,3.1,1.5,6.79,0
108,2018-01-07,-.8,-5.7,2.8,,2.5,.8,3.75,7.5
108,2018-01-08,1.3,-1.2,4,.9,7.1,1.8,2.39,9
108,2018-01-09,-4.2,-6.1,-1.2,.5,6.1,2.9,5.6,3.5
108,2018-01-10,-7.5,-10.3,-4.8,.3,6.1,3,6.85,.9
108,2018-01-11,-11.1,-13.6,-7.4,,4.9,2.8,6.8,.4
108,2018-01-12,-10.2,-15.3,-5.4,0,3.6,1.7,7.11,2.3
108,2018-01-13,-4.4,-6.6,-1.2,.4,1.7,.8,2.8,8.3
108,2018-01-14,.6,-4.4,5.4,,2.8,1.2,4.55,7
108,2018-01-15,4.7,1.8,7.7,.2,3.3,1.4,4.67,7.6
108,2018-01-16,3.5,.1,6.8,0,2.2,.7,2.4,9.8
108,2018-01-17,4.5,2.4,8.7,,3.7,1.2,4.17,7.4
108,2018-01-18,2.1,.3,4.5,0,3.8,1.9,,8.6
108,2018-01-19,1,-2.5,5.5,,3.7,1.6,6.56,3.8
108,2018-01-20,2.2,-1,6.9,,3.6,1.6,4.51,5.1
108,2018-01-21,.4,-3.7,5.5,,3.2,1,5.88,2
108,2018-01-22,.2,-5.3,4,3.3,5.1,1.5,1.91,9.4
108,2018-01-23,-11.7,-14.6,-5.3,,5.4,3.7,7.62,.3
108,2018-01-24,-14.2,-16.3,-10.7,,7.2,3.4,7.73,0
108,2018-01-25,-14,-16.4,-9.5,,4.8,2.8,7.28,3.6
108,2018-01-26,-14.8,-17.8,-10.7,,4.6,2.6,,0
108,2018-01-27,-9.9,-15.9,-3.5,,3.4,1.4,7.5,1.8
108,2018-01-28,-6.3,-9.3,-1.2,,5.6,2.6,6.38,3.3
108,2018-01-29,-8.5,-11.6,-4.7,,6.2,2.7,7.68,.1
108,2018-01-30,-5.3,-11.4,-.8,2.9,3.8,1.3,5.41,5.8
108,2018-01-31,-2.6,-5.2,0,0,3.4,1.6,3.9,7.4
108,2018-02-01,-4,-8.8,1.2,,3.9,1.6,8.09,0
108,2018-02-02,-2.4,-7.6,3.8,,3.6,1.6,7.29,1.9
108,2018-02-03,-7.3,-10.4,-2.1,.5,5.7,3.8,13.65,1.3
108,2018-02-04,-9.5,-12.8,-5.2,,5.6,3.1,13.65,0
108,2018-02-05,-9.4,-11.8,-5.1,,5.6,3,14.31,.1
108,2018-02-06,-10.1,-12.8,-5.8,,4.9,3.1,14.13,1.1
108,2018-02-07,-8,-13.4,-1.6,,3.3,1.5,13.39,1
108,2018-02-08,-4.4,-9.7,2,,3,1.2,13.05,.3
108,2018-02-09,.4,-5.3,6.1,,3,1.1,6.56,9.1
108,2018-02-10,-.5,-6.9,3.2,,6.3,3,9.41,6.5
108,2018-02-11,-6.1,-9.5,-2.2,0,5.1,2.7,12.26,3.5
108,2018-02-12,-5.8,-9.6,-1.8,0,5.2,2.7,13.74,4.1
108,2018-02-13,-.8,-7.4,4.3,,5.6,2.7,13.72,3.1
108,2018-02-14,3.5,-.7,8.7,,5.4,2.6,6.92,7.4
108,2018-02-15,-.7,-3.7,4,,4.4,2.5,,3.8
108,2018-02-16,-1.1,-5.5,4.9,,5.5,2.1,14.1,3.3
108,2018-02-17,-3,-7.1,1.4,,5.5,2.9,15.8,1.9
108,2018-02-18,-.4,-4.9,5.2,,3.5,1.3,11.22,7.4
108,2018-02-19,1.8,-1.9,6.8,,3,1.5,10.08,6.1
108,2018-02-20,.9,-2.4,5.5,,5.8,2.5,13.56,5
108,2018-02-21,-.9,-4.5,4.4,,5.2,2.3,15.28,1.6
108,2018-02-22,1.3,-3.9,5.4,.4,5.2,2.2,9.45,5.8
108,2018-02-23,4.2,-.3,8.6,3.7,5,1.9,9.43,7
108,2018-02-24,2.4,-1.1,7.2,,3.9,2.1,13.09,6.1
108,2018-02-25,1.9,-1.6,7.9,,3.8,1.7,16.17,2.4
108,2018-02-26,3.1,-3.2,10.4,,3.6,1.4,16.36,1.3
108,2018-02-27,4.2,.6,6.9,,1.8,.9,2.86,8.5
108,2018-02-28,4.6,1.8,7.8,25,3.7,2,1.71,10
108,2018-03-01,-.2,-4.3,3,.5,6.9,3.8,17.94,4.4
108,2018-03-02,-.7,-6.7,5.4,,3.3,1.5,19.03,2.4
108,2018-03-03,7.9,-.1,16.2,0,3.9,1.5,18.04,4.1
108,2018-03-04,9.8,7.6,11.9,11.5,3.5,1.2,3.92,10
108,2018-03-05,5.5,1.3,11.4,3.5,3.5,2,13.8,5.4
108,2018-03-06,4.5,-1.1,10.9,,3.7,1.6,17.85,2.1
108,2018-03-07,6.4,2.2,10.7,.5,3.2,1.8,10.76,8.6
108,2018-03-08,4.6,2.7,9.7,4,4.5,1.9,10.3,8.1
108,2018-03-09,4.5,1.4,9.6,,4.2,1.5,10.22,5.9
108,2018-03-10,4.6,.7,9.7,,5.9,2,16.45,4.6
108,2018-03-11,6.4,2.7,12.2,,4.2,2,18.11,2.8
108,2018-03-12,8,2.2,15.5,,4.2,1.4,13.92,3.3
108,2018-03-13,12.4,5.2,18.8,,4.3,1.8,14.17,5.9
108,2018-03-14,17,13.6,22.1,,5,2.3,15.46,6
108,2018-03-15,12.4,8.4,16.6,27,4.8,2.1,1.47,9.8
108,2018-03-16,7.1,3.6,12.2,,3.1,1.9,21.16,1.4
108,2018-03-17,6.6,.5,14,,3.8,1.5,17.87,4.4
108,2018-03-18,8.2,5.4,12.5,.5,2.9,1.2,7.19,9.8
108,2018-03-19,8,6.2,10.4,1,4.2,2.5,3.33,9.5
108,2018-03-20,4.7,1.6,9.1,,4.8,3.4,14.36,6.9
108,2018-03-21,2.1,1.1,5.3,1,3.3,1.7,6.13,9.9
108,2018-03-22,4.9,.6,11.6,,5,2.2,20.45,1.5
108,2018-03-23,6.1,1.8,12.5,,4.2,2,19.08,4.6
108,2018-03-24,7.6,4,13.1,,4.4,2.1,15.35,6.3
108,2018-03-25,9.6,4.6,16.9,,3.5,1.7,19.12,3.4
108,2018-03-26,11,5.3,18.1,,4.4,1.9,19.06,3.6
108,2018-03-27,13.3,7.7,20,,3.9,1.6,15.98,2.6
108,2018-03-28,14,9.4,19,,4.8,2.2,13.94,4.3
108,2018-03-29,15.4,11.8,21.1,,4,1.6,14.86,4.9
108,2018-03-30,14.8,9.8,21.9,,3.8,1.7,20.01,.5
108,2018-03-31,14,9.3,20.1,,4.5,1.9,17.08,4.4
108,2018-04-01,15.6,11.7,18.5,,3.5,1.5,7.25,9.1
108,2018-04-02,18.4,14.9,23.7,,4.5,1.9,14.14,6.1
108,2018-04-03,17.8,14.9,21.2,.1,4.4,2.1,6.88,9.1
108,2018-04-04,13.4,9.5,18.2,18.5,5.1,1.9,19.56,6.1
108,2018-04-05,7.6,6.7,9.5,10.5,3.5,2,2.15,9.9
108,2018-04-06,5.8,3,8.6,6.5,5.7,3.1,11.19,8.9
108,2018-04-07,4.2,1.4,8.6,.2,6,4.1,18.24,5.1
108,2018-04-08,3.9,.6,7.9,3,3.6,1.8,7.93,6.1
108,2018-04-09,7.9,.1,15.4,,2.9,1.1,21.52,2.6
108,2018-04-10,15.1,6.9,21.9,5,8.8,3.5,17.52,6.3
108,2018-04-11,12.6,8.7,17.3,,6.1,3,24.86,2.6
108,2018-04-12,13.3,6.8,19.6,,6.2,2.6,24.56,1.3
108,2018-04-13,14.6,8.3,19.3,,3.7,1.3,12.68,8.9
108,2018-04-14,9,7.5,14.8,9,4.1,1.8,3.49,8.9
108,2018-04-15,9.5,5.6,14.2,,4.9,2.4,17.29,3.1
108,2018-04-16,11.6,4.9,18.8,,4.7,1.6,24.79,1
108,2018-04-17,12.9,6.8,20.1,,5.5,1.9,24.03,.9
108,2018-04-18,12.4,6.2,19.3,,3.9,1.9,25.09,.4
108,2018-04-19,14,7.4,20.5,,5.1,1.9,22.36,0
108,2018-04-20,18.4,11,26.3,,3.6,1.3,22.68,.5
108,2018-04-21,18.7,12.3,25.6,,4.6,1.9,26.14,3.4
108,2018-04-22,15.5,10.7,21,15.5,2.9,1.1,5.09,9.5
108,2018-04-23,9.3,8.4,10.7,59,3,2.2,2.59,10
108,2018-04-24,12.1,8.9,16.1,3,2.8,1.4,10.14,8
108,2018-04-25,14.6,5.7,23.3,,4.4,1.5,24.97,.8
108,2018-04-26,14.9,10,22.1,,5.1,2.1,21.87,3.9
108,2018-04-27,15.7,9.7,23.3,,3.8,1.7,22.9,.1
108,2018-04-28,15.4,10.5,21.7,,4.8,2,26.04,0
108,2018-04-29,16.2,9.4,22.9,,4.3,1.9,24.5,2.4
108,2018-04-30,19.2,14.1,25,,3.6,1.6,20.74,5.5
108,2018-05-01,20.4,17.8,23.3,0,4,1.5,12.42,8.5
108,2018-05-02,15.1,8.7,19.7,12,5.2,1.9,2.47,9.9
108,2018-05-03,11.2,6.9,14.7,1,5.3,2.7,12.18,3.6
108,2018-05-04,14.1,8.8,20,,5.9,2.7,27.26,1.4
108,2018-05-05,18.3,11.6,24.6,,4.8,2.6,22.26,6
108,2018-05-06,16.6,15,20.7,22,3.9,1.1,9.31,9.3
108,2018-05-07,19.2,14,25.5,,3.7,1.2,17.7,6
108,2018-05-08,17.5,11.6,22.9,,2.7,1.7,23.25,3
108,2018-05-09,15.7,9.2,21.8,,3.6,1.7,26.77,.1
108,2018-05-10,15.4,11.3,21.4,,5.4,2.3,26.53,3.1
108,2018-05-11,16.1,11.9,21.3,,3.5,1.8,18.7,9.5
108,2018-05-12,14.2,11.8,16.1,32,2.9,.9,1.32,10
108,2018-05-13,15.8,12.7,20,.5,3.9,1.9,16.37,5.3
108,2018-05-14,18.2,11.9,24.5,,3.4,1.4,19.19,6.6
108,2018-05-15,23.2,15.4,29.3,0,3.4,1.1,21.18,8.5
108,2018-05-16,22.3,21.8,24.4,45,6.1,1.9,1.6,10
108,2018-05-17,20.9,18.8,23.5,83,8,1.4,3.96,10
108,2018-05-18,16.3,12.2,19.3,6.5,2.7,1.3,5.64,8.3
108,2018-05-19,17.6,10.3,24.7,,2.9,1.5,29.13,0
108,2018-05-20,17,11.5,22.6,,2.8,1.4,14.42,4.6
108,2018-05-21,17.8,11.3,23.7,,3.5,1.4,24.59,3.9
108,2018-05-22,18.1,15.4,23.2,12.5,3.1,1.1,10.87,9
108,2018-05-23,17.3,13.6,23.3,6.5,5,2.5,29.2,1.4
108,2018-05-24,18.3,11.2,23.7,,5.4,2.2,27.02,.5
108,2018-05-25,19.7,13.8,26.2,,4.5,1.8,25.48,3.4
108,2018-05-26,21.8,14,29.6,,4,1.4,26.86,1
108,2018-05-27,20.3,17.3,24.7,,4.1,1.7,17.12,7.3
108,2018-05-28,22.3,16.2,29.1,,4.3,1.6,26.49,3.8
108,2018-05-29,21.4,19.1,25.9,1,4.4,1.8,13.34,9.4
108,2018-05-30,20.2,15.8,24.7,0,4.4,1.9,21.67,4.6
108,2018-05-31,20.9,14.2,27.6,,3.6,1.9,26.94,.9
108,2018-06-01,23.8,17.5,30.2,,4.3,1.9,27.94,0
108,2018-06-02,23.4,17.6,30.1,,4.5,2,28.49,1.4
108,2018-06-03,24,16.9,30.8,,4.2,1.6,27.18,4
108,2018-06-04,22.6,18.9,27.5,,4.4,1.9,21.13,7.9
108,2018-06-05,23.7,17.7,29.2,,4,1.7,24.35,1.4
108,2018-06-06,23,18.4,27.9,,4,2,26.6,1
108,2018-06-07,22.2,17.8,29.4,,4.1,2,24.04,4.5
108,2018-06-08,21.9,18.5,27,,3.7,2.1,18.52,5.5
108,2018-06-09,23.7,18.9,30.1,.5,3.5,1.4,20.24,6.6
108,2018-06-10,21.3,18.3,24.9,.5,2.9,1.4,12.82,9.5
108,2018-06-11,20.2,18,23.9,5,4.3,1.4,11.27,8.5
108,2018-06-12,21.3,16.6,27.1,0,4.7,1.7,23.45,4.5
108,2018-06-13,22,18.3,27,0,5.1,1.5,15.75,7.4
108,2018-06-14,21.6,18.8,25.1,29,3.7,1.1,10.34,9.5
108,2018-06-15,21.7,17.2,27,16.5,2.7,1.4,23.64,6.1
108,2018-06-16,22.5,16.3,28.7,,2.8,1.4,28.06,.8
108,2018-06-17,22.8,18.9,27.5,,3.9,1.3,14.78,7.8
108,2018-06-18,24.8,19.9,30.8,,4,1.5,26.17,3.6
108,2018-06-19,22.4,19.1,27.2,,3.6,1.8,17.65,8.1
108,2018-06-20,22.7,19.1,28.4,,4.2,2.3,24.52,5.4
108,2018-06-21,23.7,19.4,28.7,,4.4,2.2,28.21,3
108,2018-06-22,25,18.2,32,,4.3,1.8,27.4,5.1
108,2018-06-23,24.5,20.9,28.9,,4.4,2,22.19,8
108,2018-06-24,25.2,20.1,32.1,,3.7,1.9,25.7,4
108,2018-06-25,27.1,21.3,32.9,,3.2,1.2,20.44,7.9
108,2018-06-26,22.3,20.2,26.9,71.5,5.7,2.4,1.29,10
108,2018-06-27,22.3,19.1,25.5,1,4.5,2,13.56,8.8
108,2018-06-28,23.3,20.6,27.3,26.5,4.3,1.1,9.31,9.5
108,2018-06-29,24.7,21.9,29.1,6.5,3.2,1.5,18.79,7.3
108,2018-06-30,24.4,21.6,27.9,14.5,5.1,.9,8.76,9.1
108,2018-07-01,21.9,21,22.8,83.5,2.3,.8,2.09,9.9
108,2018-07-02,22.6,20.6,25.3,59.5,2.9,.7,4.73,9.6
108,2018-07-03,27.4,22.5,32.6,.1,2.6,.8,22.88,6
108,2018-07-04,27.3,24,31.8,,3.9,1.7,22.43,7.1
108,2018-07-05,25.3,23.4,29,.5,3,1.2,10.88,8.6
108,2018-07-06,23.9,21.5,27.1,,3.4,1.8,15.83,8.5
108,2018-07-07,23.7,19.5,29.2,,2.3,1.6,27.32,3.6
108,2018-07-08,23.3,17.7,28.1,,2.8,1.5,23.98,7
108,2018-07-09,20.8,20.1,24.2,14,1.8,1.1,4,9.9
108,2018-07-10,23.7,20.4,26.5,16.5,1.6,.7,5.92,9.8
108,2018-07-11,26.8,24.4,29.5,3,3.9,1.3,8.74,9.6
108,2018-07-12,26.6,25.1,28.2,1,3.6,1.5,9.92,7.5
108,2018-07-13,27.3,24.7,30.9,,3.4,1.8,15.6,6.4
108,2018-07-14,27.9,24.6,31.9,0,4.2,1.9,21.51,5
108,2018-07-15,28.3,24.5,33.2,,3.7,1.6,22.91,2.6
108,2018-07-16,28.7,24,34,,3.6,1.7,26.67,.4
108,2018-07-17,28.1,23.9,32.1,,4.1,1.7,25.57,1.3
108,2018-07-18,28.2,23.7,33.2,,4.1,1.6,25.14,.8
108,2018-07-19,28.7,23.2,34.1,,3.2,1.6,27.8,.1
108,2018-07-20,29.5,24.6,34.7,,3.3,1.5,25.73,.4
108,2018-07-21,30.6,24.9,36.9,,3.6,1.5,26.62,.3
108,2018-07-22,31.8,25.3,38,,3.7,1.4,25.51,3.5
108,2018-07-23,31.7,29.2,35.7,,4,1.8,18.94,7.9
108,2018-07-24,31.4,27.2,36.8,,4,1.6,18.42,4.4
108,2018-07-25,30.1,27.7,34.1,,3.8,2.4,14.36,6.3
108,2018-07-26,30.1,27.3,33.7,,3.4,1.5,12.21,5.8
108,2018-07-27,30.9,27.2,35.4,,3.7,1.9,19.29,2.3
108,2018-07-28,29.5,28,35.2,7.5,3.6,1.2,9.59,5.5
108,2018-07-29,31.3,26.4,36.7,,2.9,1.2,22.33,2.4
108,2018-07-30,31.7,26.2,36.9,,2.4,1.2,19.68,3.1
108,2018-07-31,32.6,27.8,38.3,,3.6,1.5,24.5,2.8
108,2018-08-01,33.6,27.8,39.6,,4,1.7,25.69,.8
108,2018-08-02,33.7,30.3,37.9,,3.2,1.6,18.58,4
108,2018-08-03,33.1,30,37.9,,4.2,1.9,21.09,1
108,2018-08-04,31.1,28,34.9,,4.6,2.4,20.45,3.4
108,2018-08-05,30,27.2,33.9,2,4.9,2.6,20.62,6.5
108,2018-08-06,30.5,28.3,35.3,6.5,4.4,1.6,17.86,7.6
108,2018-08-07,30.5,26.8,35.9,,3.7,1.5,15.62,3.6
108,2018-08-08,31,27.6,35.3,,4.6,2.1,20.59,3
108,2018-08-09,28.8,27.1,32.5,2,4.2,1.5,11.11,7.3
108,2018-08-10,30.7,25.7,36.8,,3.6,1.4,21.85,3.5
108,2018-08-11,31,26.4,36,,3.3,1.5,21.37,2.9
108,2018-08-12,30.6,27.2,35.3,5,3.7,1.5,18.23,6.5
108,2018-08-13,30.5,26.7,34.4,1,3.2,1.4,12.29,7.3
108,2018-08-14,31.7,27.7,37.2,,4,1.3,18.37,6.9
108,2018-08-15,31.7,28.3,38,1,5.8,1.2,18.41,6.4
108,2018-08-16,29.9,24.1,35.6,,3,1.7,24.88,3.3
108,2018-08-17,27.2,21.7,33.8,,3.5,1.8,26.23,0
108,2018-08-18,26.7,21.5,32.1,,3.8,1.4,23.27,5
108,2018-08-19,28.2,23,34.4,,3.3,1.2,19.79,7.9
108,2018-08-20,29.1,25.1,33.3,0,5.1,2,15.07,8.4
108,2018-08-21,26.6,23.4,31,5,7.1,2.5,12.86,6.3
108,2018-08-22,30.7,23.4,37.6,,3.2,1.1,22.27,4.5
108,2018-08-23,29.4,25.7,32.2,3,2.8,1.7,9.3,9.5
108,2018-08-24,24.4,23.2,26.3,7.5,4.2,2.5,5.69,9.6
108,2018-08-25,25.2,22.7,29.3,,5.3,2.6,16.21,7
108,2018-08-26,23.2,20.3,29,2,3.8,1.2,13.54,6.4
108,2018-08-27,22.7,20.2,24.9,19.5,2.1,.8,7.84,8.9
108,2018-08-28,23.7,22.5,26.1,96.5,3.7,.9,4.42,9
108,2018-08-29,25.2,22.7,27.4,42,4.5,2.4,2.75,10
108,2018-08-30,25.3,23.9,28.2,9.5,3.7,1.8,8.74,9.4
108,2018-08-31,25.6,22.8,30.3,.1,3.7,1.6,22.17,4.5
108,2018-09-01,25.5,20.8,30.9,,2.3,1.3,21.01,1.5
108,2018-09-02,25.1,20.1,29.6,,2.8,1.5,20.34,5.5
108,2018-09-03,23.3,21.4,25.8,34.5,5.5,1,3.36,9.8
108,2018-09-04,23.2,20,27.8,,5.2,2.2,21.64,5.1
108,2018-09-05,24,19.6,28.5,,5.7,2.5,22.46,1.9
108,2018-09-06,24.1,20.9,28.2,1,5,2,11.03,7.9
108,2018-09-07,22,19.1,25.5,.5,4.3,2.5,19.58,4.9
108,2018-09-08,21.7,15.9,27.7,,3.9,1.7,22.75,.3
108,2018-09-09,22.2,15.6,28.9,,2.8,1.2,21.4,1.4
108,2018-09-10,22.9,18.6,28.4,,2.7,1.6,19.84,2.4
108,2018-09-11,21.6,16.8,26.1,,2.4,1.5,17.85,7.5
108,2018-09-12,22.8,16.8,28.2,,3.2,1.4,20.39,4.1
108,2018-09-13,23.5,20.3,28.3,,2.4,1.2,12.93,7.9
108,2018-09-14,23.5,20.3,26.8,.5,2.6,1.3,9.8,8.3
108,2018-09-15,23.3,21,26,.2,2.4,1,7.44,9.8
108,2018-09-16,22.2,21,23.9,2,3.7,1.7,6.44,10
108,2018-09-17,22.3,18.5,27.7,.1,3.8,1.9,20.42,5.3
108,2018-09-18,22,17.7,26.5,,3.4,1.2,15.85,8.3
108,2018-09-19,22.1,18.9,26.6,.2,2.9,1,10.66,9.5
108,2018-09-20,19,17.8,20.1,5,2.9,1.8,4.08,10
108,2018-09-21,19.4,17.6,21.9,18,2.3,1.3,6.31,9.3
108,2018-09-22,20.8,17.2,25.5,6.5,5.3,1.8,19.06,2.1
108,2018-09-23,19.4,15.6,25.3,0,4.3,1.6,14.77,4.4
108,2018-09-24,17.6,14.2,22.1,,4.4,2.1,20.96,1.1
108,2018-09-25,17.8,10.8,24.3,,2.2,1.1,20.19,2.1
108,2018-09-26,19.4,16.2,24.8,,2.7,1.7,17.06,5
108,2018-09-27,18.9,13.2,25,,2.4,1.3,18.26,.9
108,2018-09-28,17.5,14.3,22.2,,2.1,1.2,8.76,6.1
108,2018-09-29,20.2,14.6,27,,2.4,1,19.37,.4
108,2018-09-30,17.6,14,21.6,,5.5,2.3,16.95,.6
108,2018-10-01,15.4,13,19.7,0,6.1,2.9,15.1,4.5
108,2018-10-02,15.9,10.3,22,,4.1,1.6,18.84,.5
108,2018-10-03,17.3,11.2,24.2,,4,1.3,18.49,0
108,2018-10-04,19.3,13,25.6,,2.4,1.3,15.88,6.5
108,2018-10-05,16.9,15.7,19,36.5,3.2,1.7,2.74,9.8
108,2018-10-06,18,16.3,21.7,55.5,5.3,2.2,6.86,7.5
108,2018-10-07,16.4,12.3,21.1,,3.6,1.7,15.65,2.9
108,2018-10-08,14.8,9.2,20.9,,2.7,1.1,15.28,4.4
108,2018-10-09,15.3,10.7,19.8,0,2.7,1.1,8.89,9
108,2018-10-10,12,7.9,16.7,7,4.7,2.5,10.3,6.8
108,2018-10-11,9.7,6.1,13.9,,5.6,2.1,15.42,1.4
108,2018-10-12,10.9,5.2,17.4,,3.2,1.3,17.67,0
108,2018-10-13,12.5,6.1,19.8,,2.9,1,16.78,0
108,2018-10-14,13.2,6.8,20.3,,3.1,1.5,16.08,3.4
108,2018-10-15,15.2,10.9,21,,3.5,1.4,11.26,4
108,2018-10-16,14.5,9.9,20.3,,3,1.3,13.15,5.6
108,2018-10-17,12.4,8.4,18.6,,3.6,1.3,16.44,0
108,2018-10-18,12.7,7.5,19,,2.7,1.1,13.37,3.1
108,2018-10-19,13.1,7.2,20.4,,3.8,1.4,16.23,0
108,2018-10-20,13.4,6.9,21.4,,3,1.2,15.97,1.1
108,2018-10-21,13.4,7.2,21.1,,2.9,1.1,15.77,2.4
108,2018-10-22,14,8.8,20.6,,2.6,1,12.13,5.3
108,2018-10-23,12.2,9.8,16.9,5,5,1.1,7.68,5.4
108,2018-10-24,12.5,7.6,18.7,,3.4,1.3,13.64,.5
108,2018-10-25,13.8,7,21.2,,1.6,.9,13.56,4
108,2018-10-26,12.2,9.9,14.7,11,5.4,1.6,3,7.5
108,2018-10-27,8.7,6.2,11.6,,5.8,3.2,11.6,1.6
108,2018-10-28,8.3,5.2,13.5,5.5,5.9,1.5,6.66,7.3
108,2018-10-29,7.2,3.4,11.7,0,5.3,2,9.84,5.9
108,2018-10-30,6.1,.7,11.6,0,3.5,1.6,14.55,3.3
108,2018-10-31,7.4,3,12.6,0,4.1,1.6,14.51,.8
108,2018-11-01,8.4,2.5,15.2,,3.6,1.3,13.95,0
108,2018-11-02,10.6,4,19,,2.5,1.1,13.52,0
108,2018-11-03,11.2,5,19.1,,4,1.3,13.59,0
108,2018-11-04,11.6,5.3,19.4,,3.4,1.3,13.41,2.1
108,2018-11-05,11.9,6.6,18.3,,2.3,1.1,11.09,5.3
108,2018-11-06,12.2,8,17.5,,2.6,.9,7.85,6.9
108,2018-11-07,12.8,10.3,15.7,2,2.8,1.1,4.05,9.9
108,2018-11-08,11.8,10.5,14.7,64,5,1.8,1.31,10
108,2018-11-09,12.1,9.5,15.4,1,5.6,3.1,9.75,7.9
108,2018-11-10,11.9,8.8,17.1,0,3.3,1.4,11.14,3.1
108,2018-11-11,8.1,5.4,10.9,0,3.7,1.1,3.72,6.4
108,2018-11-12,8.1,3.1,15.1,,3.3,1.2,12.12,0
108,2018-11-13,8.8,4.1,15.4,,3,1.1,11.7,.4
108,2018-11-14,9.8,4.8,16.6,,3.1,1.1,11.61,.1
108,2018-11-15,9.7,4.7,16.2,,2.4,1,9.55,4.8
108,2018-11-16,8.8,4.2,14.5,,4,1.7,8.28,6.5
108,2018-11-17,4.9,.6,11.4,,3.7,1.4,9.17,4.6
108,2018-11-18,6.1,1.9,10.7,,3.1,1.1,7.49,6.9
108,2018-11-19,6.5,3.3,11.3,,4.4,1.4,7.83,1.9
108,2018-11-20,6.5,0,12.7,.2,4.2,1.8,11.03,2
108,2018-11-21,5.8,3.1,8.2,1,4.5,1.2,2.95,8.4
108,2018-11-22,2.3,-1.3,7.1,,5.6,2.4,10.82,.8
108,2018-11-23,1.9,-3.1,7.6,,3.7,1.4,10.76,3.1
108,2018-11-24,2.6,.3,3.8,10.9,3.3,1.8,3.38,9
108,2018-11-25,4.8,1.3,9.8,,1.9,1,7.9,3.8
108,2018-11-26,6.3,1.6,13.6,,1.9,1,10.05,.6
108,2018-11-27,7.1,3.1,12.5,,3.7,1.5,4.62,6.1
108,2018-11-28,5,2.1,11.1,,3.7,1.6,9.68,3.8
108,2018-11-29,3.5,.6,6.7,0,3.3,1.3,2.81,5.8
108,2018-11-30,2.7,-1.5,8,,3.3,1.4,10.22,1
108,2018-12-01,5.5,.8,12.4,,2.5,1,9.88,3.6
108,2018-12-02,8.2,2.8,11.8,,2.2,1.3,5.59,6.5
108,2018-12-03,11.5,9.3,13.5,9.5,3.2,1.4,.65,9.9
108,2018-12-04,6.7,-.3,11.8,5,5.6,2.7,3.33,7.8
108,2018-12-05,0,-4.3,3.4,,4,1.5,6.33,6.4
108,2018-12-06,2.4,-1,6.8,0,5.7,2.3,7.77,8.1
108,2018-12-07,-7.3,-9.6,-1.1,,5.9,3.8,10.91,1.1
108,2018-12-08,-8.3,-11.4,-4.4,,5.5,2.6,10.75,1.4
108,2018-12-09,-7.2,-11.8,-2.1,,3.4,1.5,10.57,2
108,2018-12-10,-2.5,-8.1,4.6,,2.9,.9,9.46,3
108,2018-12-11,.2,-2.4,2.9,,3.9,1.2,3.59,7.9
108,2018-12-12,-1.9,-5,2.4,,4,2.2,10.42,0
108,2018-12-13,-2.2,-5.9,2.1,1.3,5.8,2,5.83,5
108,2018-12-14,-4.4,-7.8,.6,,3.5,1.7,10.4,0
108,2018-12-15,-2.4,-7.8,3.2,,2.1,1,8.83,3.6
108,2018-12-16,0,-2.6,2.1,.3,1.7,.9,3.19,9.3
108,2018-12-17,1.6,-1.5,5.9,.3,4.3,1.8,8.92,1.3
108,2018-12-18,2.6,-2.8,7.4,,4.1,1.4,7.67,3
108,2018-12-19,4,1.3,9.5,,3.3,1.4,9.29,2.9
108,2018-12-20,3.4,-1.1,10.4,,2.4,.9,8.78,3.1
108,2018-12-21,5.6,.4,9.8,,2.6,1.1,5.82,8.5
108,2018-12-22,6.9,2.9,12.4,,3.6,1.5,8.93,4.3
108,2018-12-23,2.4,-3.4,7.5,,5.7,2.9,9.58,2.6
108,2018-12-24,-2.3,-5.9,3.1,,3.6,1.6,10.5,.3
108,2018-12-25,.6,-4,5.2,,2.7,1.2,5.67,7.4
108,2018-12-26,-1.5,-7.1,3,,4.5,2.8,9.97,4.4
108,2018-12-27,-10.1,-12.5,-6.5,,5.8,3.5,10.44,.5
108,2018-12-28,-10.5,-14.4,-6.6,,4.4,2.5,10.36,.6
108,2018-12-29,-7.6,-10.5,-3,,5.5,2.9,10.57,0
108,2018-12-30,-6.8,-11.3,-.9,,3.1,1.2,10.48,.8
108,2018-12-31,-5.4,-10.5,-.5,,3.4,1.2,9.16,1.6
108,2019-01-01,-5,-8.2,-.6,,4.3,2.1,7.84,3.4
108,2019-01-02,-4.9,-8.8,.2,,3.6,1.7,10.48,0
108,2019-01-03,-3.5,-8.4,3.2,,2.9,1.4,10.28,.1
108,2019-01-04,-1.1,-6.2,4.1,,3,1.2,6.2,5.5
108,2019-01-05,-2.8,-5.5,1.1,,4.3,2.2,10.05,.5
108,2019-01-06,-2.8,-6.3,2.7,,3.2,1.2,9.64,3.1
108,2019-01-07,-1.9,-6.2,3.1,,4.7,1.4,8.71,4
108,2019-01-08,-3.5,-7.2,.5,,6.5,2.6,10.46,0
108,2019-01-09,-4.7,-9.4,1.3,,3.5,1.3,8.47,4.9
108,2019-01-10,-.6,-4.5,3,,3.8,1.3,5.92,8.1
108,2019-01-11,2.4,-.4,7.2,,2.6,1,8.53,6.1
108,2019-01-12,2.8,-.6,8,,3.5,1.3,7.71,3.9
108,2019-01-13,1.2,-3,7.6,,3.2,1.4,9.97,0
108,2019-01-14,1.4,-2.4,5.3,,2.5,.9,6.03,4.5
108,2019-01-15,-1.7,-7.2,2.6,0,6.1,2.7,6.93,3.8
108,2019-01-16,-5.2,-10.1,-1.1,0,4.3,2.3,10.36,4.1
108,2019-01-17,-.3,-3.2,4,0,5,1.7,11.07,1.8
108,2019-01-18,.6,-4.6,6.7,,4.5,1.3,10.4,3
108,2019-01-19,3.6,0,8.5,,3,1.2,6.27,7.8
108,2019-01-20,-1.4,-5.5,4,,5.5,3.2,11.56,1.1
108,2019-01-21,-1.2,-6.7,4.2,0,4.3,1.6,3.07,4.1
108,2019-01-22,1.7,-3.3,7.1,,4.4,1.7,9.85,1.1
108,2019-01-23,2,-.8,7,,5.1,2.3,10.85,.9
108,2019-01-24,.1,-4.6,6.5,,3.5,1.7,11.71,2.1
108,2019-01-25,-1.2,-3.8,2.6,,5.5,2.6,11.56,1.3
108,2019-01-26,-2.5,-6.5,2.4,,4.4,2.4,12.29,0
108,2019-01-27,-.1,-6.6,5.1,,3.7,1.7,10.31,4.3
108,2019-01-28,1.2,-2.4,4.5,0,6.8,3.1,11.76,1.3
108,2019-01-29,-.2,-5.6,7,,3.7,1.5,11.87,2.1
108,2019-01-30,1.8,-2.8,6.6,,3.8,1.5,9.13,6.9
108,2019-01-31,-2,-6.2,2.3,,4.7,2.9,5.97,7
108,2019-02-01,-2.1,-7.4,2.8,.3,4.9,1.7,9.71,3
108,2019-02-02,1.4,-3.2,6.1,0,1.8,1,4.48,7.5
108,2019-02-03,3.3,2,4.9,16,4,1.7,.54,9.3
108,2019-02-04,-.6,-3.3,3,,4.9,2.1,12.74,2.4
108,2019-02-05,2.8,-3.6,10.1,,2.9,1,11.81,3.9
108,2019-02-06,5.1,.1,9.3,,3.1,1.3,6.87,8.1
108,2019-02-07,-2.1,-8.2,6.3,.5,5.5,3.5,13.09,4.3
108,2019-02-08,-6.1,-10.2,-1.3,,4.7,2.3,12.08,6.1
108,2019-02-09,-5.4,-8.6,-1.9,,4.9,2.7,13.27,4.4
108,2019-02-10,-5,-9.1,-1.9,,3.6,1.7,7.83,7.5
108,2019-02-11,-3,-7.5,2,,4.9,2.3,14.53,.4
108,2019-02-12,-.6,-4.1,3.7,0,4.3,1.9,12.34,5.6
108,2019-02-13,-2.1,-5.7,2.5,,5.1,2.4,14.15,1.8
108,2019-02-14,-.5,-5.9,6.3,,3.2,1.4,14.39,5.3
108,2019-02-15,-.8,-2.9,.9,2.2,4,1.9,3.57,9.1
108,2019-02-16,-2.7,-5.1,1.5,.2,4.6,2.6,13.19,2.4
108,2019-02-17,-1.8,-6.8,4.6,,4.2,1.9,16.08,.1
108,2019-02-18,.9,-4.7,5.9,,2.8,1.3,10.19,7.4
108,2019-02-19,1.4,.2,3,4.6,3.9,1.4,3.43,9.4
108,2019-02-20,1.7,-.1,4.5,0,4.1,2.1,6.26,6.5
108,2019-02-21,2.4,-2.6,9,,3.4,1.5,14.6,0
108,2019-02-22,4,-1.6,10.8,,3.7,1.5,15.33,5.4
108,2019-02-23,6.8,.5,14.5,,2.9,1.1,16.04,2.9
108,2019-02-24,6.3,1.2,13.7,,4.9,1.8,16.07,1.6
108,2019-02-25,4.7,1.3,10.2,,4.8,2.3,14.21,4.8
108,2019-02-26,5.2,-1.5,12,,4.9,1.6,16.25,3.6
108,2019-02-27,7.8,4.7,14,,4.3,1.6,12.84,7.5
108,2019-02-28,6.6,2,12.8,,4.7,2,14.07,3.3
108,2019-03-01,6.6,1.2,13,,4.4,2.1,15.38,.3
108,2019-03-02,7.8,1.3,14.7,,3.3,1.1,13.57,5.8
108,2019-03-03,9.4,2.5,16.1,,3.3,1.5,15.37,4.8
108,2019-03-04,9.9,5,16.3,,4.7,1.9,14.87,2.3
108,2019-03-05,8.4,5.6,12.9,,3.9,2,9.21,8.6
108,2019-03-06,8.4,5.7,12.4,,4.3,2,10.39,6.3
108,2019-03-07,7,3.1,12.7,,5.1,2.2,15.76,1.5
108,2019-03-08,6.1,.6,13.4,,4.2,1.9,18.67,.1
108,2019-03-09,7.2,-.4,14.9,,3,1.3,14.44,5.4
108,2019-03-10,10.1,6.7,15.3,,2.9,1.2,8.91,7.1
108,2019-03-11,6.6,3.5,10,0,4.3,1.8,9.72,4.9
108,2019-03-12,3.9,-.3,7.9,0,6,2.7,5.15,4.9
108,2019-03-13,3.5,-.4,8.5,0,7.2,3.3,17.87,1.8
108,2019-03-14,5,-1.7,10,0,3.8,1.9,14.02,5.5
108,2019-03-15,5.5,1.6,11.3,3.5,5.4,1.6,9.93,7.4
108,2019-03-16,4.3,.2,9.2,,5.1,1.8,11.76,5.5
108,2019-03-17,6.3,2.6,12.4,,4.4,2,19.62,2
108,2019-03-18,7.1,1.4,14.4,,4.7,1.4,16.33,6.3
108,2019-03-19,10,3.4,16.7,,3.3,1.4,15.01,1.4
108,2019-03-20,10.3,7.1,14.6,16.5,3.9,1.4,4.38,8.8
108,2019-03-21,7.1,1.9,11.1,3.3,5.5,2.9,7.51,7.9
108,2019-03-22,3.3,-.7,8.3,,5,2.8,21.87,.8
108,2019-03-23,3.3,-.4,8.2,1.7,6.3,2.4,12.62,3
108,2019-03-24,4.3,-.8,9.7,,4.9,2.3,22.16,.1
108,2019-03-25,7.3,2.9,11.5,,5.1,2,7.53,6.6
108,2019-03-26,11.4,7.4,17.6,,4.7,2,20.42,2.6
108,2019-03-27,11.6,8.9,16.2,,6.4,3,10.84,8.5
108,2019-03-28,9.4,5.6,14.6,,4.8,2.6,18.21,6.1
108,2019-03-29,9.2,5.5,15.1,,4.7,2.1,21.22,4.6
108,2019-03-30,5.2,3.5,8.4,1.8,6.3,2.9,6.76,9.4
108,2019-03-31,4.4,2.6,8.4,0,5.5,3.2,8.22,5.1
108,2019-04-01,5.5,.3,11.3,,5.8,2.5,23.42,1.3
108,2019-04-02,6.7,1.3,13,,6.1,2.2,22.96,.3
108,2019-04-03,7.6,1.9,13.6,,5,2.3,22.61,.3
108,2019-04-04,9.2,3,15.7,,5,2.5,22.72,0
108,2019-04-05,11.4,7,17.2,0,5.4,2.9,20.11,3
108,2019-04-06,9.3,5.9,12.2,.8,2.8,1.1,4.48,8.5
108,2019-04-07,12.6,5.6,20.3,,4.8,1.7,21.77,4.4
108,2019-04-08,11.6,7.6,17.2,,5.2,2.5,23.74,3.3
108,2019-04-09,9.2,4.7,13.9,17.4,4.4,2.4,5.64,9.4
108,2019-04-10,7.1,4.7,10.2,5.6,3.1,1.8,6.98,8.3
108,2019-04-11,9.5,4.3,15.7,,4.7,1.9,20.94,4.6
108,2019-04-12,11.4,5.5,18.4,,5.1,2.2,23.73,1.8
108,2019-04-13,11.8,6.2,17.9,,5,1.8,22.96,5.6
108,2019-04-14,9.6,6.9,13.6,1.7,7.3,2.2,8.35,6
108,2019-04-15,11.6,3.9,18.1,,4.7,1.8,24.07,0
108,2019-04-16,14.9,6.8,22.6,,4.1,1.6,23.58,4.8
108,2019-04-17,15.3,9.1,21.8,,4.9,1.9,24.94,3.9
108,2019-04-18,12.6,10.4,16.2,0,5.3,2,5.88,6.3
108,2019-04-19,13.8,9.6,19.7,,3.2,1.6,15.84,4.8
108,2019-04-20,14.3,9.7,19.1,1.2,4.5,1.9,14.63,7.1
108,2019-04-21,14.8,12.2,20.2,.3,4.2,1.9,13.42,7.9
108,2019-04-22,19.3,10.7,28.2,,4.2,1.4,23.42,2.3
108,2019-04-23,20.4,15.3,25.5,0,3.8,1.3,13.14,8.4
108,2019-04-24,19.5,15.8,25.9,4.1,4.5,1.6,18.91,5
108,2019-04-25,13.2,9.4,17.2,11.3,3.6,2,3.48,9.4
108,2019-04-26,8.4,6.2,9.9,4.9,3.5,1.5,3.51,8
108,2019-04-27,11.6,4.1,18.2,,3.6,1.7,23.24,4.8
108,2019-04-28,12.9,9.9,16.6,0,3.7,1.6,12.09,8.1
108,2019-04-29,13,8.3,17.3,,2,.9,9.81,5.8
108,2019-04-30,15.5,9,22.5,,4.2,1.6,21.75,4.4
108,2019-05-01,16.4,11.2,22.2,,4.8,2.3,24.41,1.9
108,2019-05-02,17.1,10.6,25.3,,5.1,2.3,27.27,0
108,2019-05-03,17.9,10.1,26.1,,4.4,1.6,25.59,0
108,2019-05-04,19.5,12,27.4,,4.1,1.7,22.12,4.9
108,2019-05-05,19.2,13.6,26.5,,5.3,2.2,25.14,5.1
108,2019-05-06,14.5,9.8,19.8,0,5.3,3.1,28.25,.3
108,2019-05-07,15,8.4,21.9,,5,2.3,27.02,0
108,2019-05-08,15.6,10.1,21.3,,5.1,2.3,23.39,6.1
108,2019-05-09,16.6,11.7,22.9,,4.5,2.2,25.46,3.1
108,2019-05-10,17.8,10.3,26.8,,4.1,1.9,25.19,3.5
108,2019-05-11,20.3,13.2,28.3,,3.9,1.8,25.19,2
108,2019-05-12,21.6,14.7,28.9,,3.1,1.5,21.82,4.3
108,2019-05-13,18.7,15.5,22.8,0,4.9,1.6,8.51,8.3
108,2019-05-14,19.6,12.9,26.9,,4.1,1.6,25.35,1.6
108,2019-05-15,20.7,14.8,28,,3.9,1.7,21.24,4.5
108,2019-05-16,23.5,16.7,30,,4.1,1.5,25.19,2.5
108,2019-05-17,23.6,17.6,28.3,,3.2,1.2,14.72,7.5
108,2019-05-18,22.8,19.1,25.9,0,4.8,2.1,16.28,8.5
108,2019-05-19,19.4,17.9,21.6,22,2.7,1.2,5.22,10
108,2019-05-20,16.4,13,20.2,8.7,6.1,3.4,24.95,4.5
108,2019-05-21,17.2,11.7,23.8,,5.9,2.9,28.89,0
108,2019-05-22,19.5,12.3,26.5,,5.4,2.4,27.5,1.4
108,2019-05-23,22.1,15,29.2,,3.5,1.7,27.36,0
108,2019-05-24,24.2,16.2,33.4,,4.1,1.7,26.13,1.4
108,2019-05-25,23.4,18.4,28.6,,4.2,1.6,18.83,7.9
108,2019-05-26,24.5,18.6,31.1,,4.5,1.8,25.81,6
108,2019-05-27,17.8,14.3,22.3,7.1,5.3,2.4,2.33,8.6
108,2019-05-28,18.1,11.9,24.6,,4.9,2.6,28.01,2.1
108,2019-05-29,20.3,13.3,26.5,,4.9,2,28.48,.4
108,2019-05-30,19.6,14.6,24.5,0,5.4,2.4,18.28,7.9
108,2019-05-31,19.1,16.1,23.3,,5.4,2.8,27.46,2.3
108,2019-06-01,18.9,14.8,23.7,,4.2,1.9,21.1,5.5
108,2019-06-02,21.1,14.1,27.8,,4.6,1.7,26.48,.6
108,2019-06-03,23.1,16,29.5,,5,1.8,25.57,.6
108,2019-06-04,22.6,17.6,29,,4.4,2.2,26.21,3
108,2019-06-05,23,17.8,29.6,,4.3,1.8,24.14,5.4
108,2019-06-06,21.2,18.6,25.1,7.5,4.1,1.2,5.33,9.1
108,2019-06-07,20,17,24.7,35.3,3.5,1.9,13.41,7.4
108,2019-06-08,21.9,16,27.6,,4,1.4,21.14,5.9
108,2019-06-09,21.6,17.1,26.5,2.5,4,1.8,16.87,8.9
108,2019-06-10,18.4,15.7,21.9,9.5,2.4,1.6,11.01,8
108,2019-06-11,20.5,15.5,26.1,,3,1.4,21.58,3.5
108,2019-06-12,21.5,16.1,26.4,,4.6,1.8,25.26,1.1
108,2019-06-13,23,16.6,28.8,,4,1.7,27.4,3.1
108,2019-06-14,23,19.1,28.4,,4.2,1.8,19.46,6.1
108,2019-06-15,21.9,17.9,27.4,2.1,5.3,2.4,25.94,3.1
108,2019-06-16,22,16.1,27.2,,4.7,1.6,22.45,3.9
108,2019-06-17,21.7,18.1,26.2,0,4.1,2.3,25.36,4.5
108,2019-06-18,20.8,17,24.8,13.8,4,1.5,11.26,9.5
108,2019-06-19,21.4,18.9,25.4,.2,4.1,1.9,11.24,9.4
108,2019-06-20,22.7,19.8,27.8,,4.2,1.9,20.91,8
108,2019-06-21,22.1,19.4,26.1,.2,3.7,1.7,12.51,7.3
108,2019-06-22,24.2,17.7,30.6,,2.9,1.5,27.01,2.1
108,2019-06-23,25,19.1,31,,4.4,1.8,26.05,3
108,2019-06-24,25.2,20.9,30.9,,4.1,2,27.57,1.6
108,2019-06-25,25.6,19.5,32.8,,4.2,1.6,27.13,1.3
108,2019-06-26,25.5,20.7,29.5,0,3.1,1.3,12.11,9.5
108,2019-06-27,25.5,21.9,31.2,1.4,3.5,1.4,14.79,8.3
108,2019-06-28,24.7,22.3,29,0,3.8,1.7,10.92,8.5
108,2019-06-29,23.1,19.6,27.7,1.5,3.2,1.2,12.49,8.1
108,2019-06-30,23.9,20.9,28.5,0,4.5,2.3,16.32,6.9
108,2019-07-01,23.9,20.6,28.9,,5.2,2.3,20.33,4.9
108,2019-07-02,24.4,20.8,30.1,,4.3,2.3,21.13,4
108,2019-07-03,24.1,21.2,27.4,,3.8,1.7,12.62,6.4
108,2019-07-04,25.4,20,32.8,,4.5,1.9,27.41,2.4
108,2019-07-05,27.6,20.2,35,0,4.3,1.5,24.78,3.8
108,2019-07-06,29.7,24.6,36.1,,3.9,1.7,25.87,3.4
108,2019-07-07,26.7,22.7,32.5,,3.3,2.2,22.4,7.5
108,2019-07-08,25.1,21.2,31,,3.3,2,20.54,6
108,2019-07-09,25,19.7,30,,3.1,1.8,18.2,4.9
108,2019-07-10,22.7,19.3,27.3,8.5,3.3,2,13.4,8.4
108,2019-07-11,21.9,19.5,25.9,2.9,2.8,1.3,8.59,9.9
108,2019-07-12,23.6,20,28.7,,4.4,2,18.43,6.8
108,2019-07-13,24.9,22.1,29.7,0,3.9,1.7,15,6.4
108,2019-07-14,25.9,21.2,31.6,,3.8,1.6,20.36,4.5
108,2019-07-15,23.8,22.1,27.4,7.7,3,1.1,7.32,7.5
108,2019-07-16,24.7,21.4,28.8,6.3,3.4,1.3,13.41,7.3
108,2019-07-17,25.6,22.3,29.2,.7,2.9,1.2,11.19,9
108,2019-07-18,26.9,23.3,32.1,,3.2,1.2,12.78,6.4
108,2019-07-19,28.6,22.8,35,0,4.6,1.5,21.8,4.6
108,2019-07-20,28,25.1,31.9,1.1,3.6,2.1,10.92,9.5
108,2019-07-21,25.1,24.2,27,6.2,4.4,2.2,6.18,9.4
108,2019-07-22,26.7,24.2,31,.1,3.6,2.2,13.12,7.5
108,2019-07-23,28.1,24.4,32.9,,3.6,1.7,13.34,8.6
108,2019-07-24,26.5,25.2,27.2,1,3.4,1.6,3.17,9.6
108,2019-07-25,26.3,25.6,27.4,9.7,3.4,1.2,3.47,9.9
108,2019-07-26,25.1,23.7,25.9,60,4.5,1.7,2.35,9.9
108,2019-07-27,28.4,24.9,33.4,.6,3.9,1.3,15.31,7.6
108,2019-07-28,26.1,25,28.2,25.6,4.8,2.2,2.87,9.8
108,2019-07-29,27.5,25.6,30,.5,5,2.6,9.43,8
108,2019-07-30,28.1,26.3,30.8,1.2,5.9,3.4,8.26,8.8
108,2019-07-31,25.8,24,27.5,62.3,5.3,2.2,3.01,9.8
108,2019-08-01,26.3,23.5,30.1,26.9,4.6,1.7,13.55,7.8
108,2019-08-02,28.4,24.7,33.1,,3,1.2,15.74,3.5
108,2019-08-03,29.4,25.6,36,3,4.5,1.3,21.04,3.6
108,2019-08-04,28.3,25,34.4,8.6,3.3,1.2,17.53,5.8
108,2019-08-05,30.5,25.6,35.9,,3.2,1.1,20.66,2.5
108,2019-08-06,31.6,27.9,36.8,,2.8,1.5,22.91,6.8
108,2019-08-07,26.9,23.9,30.3,8,2.8,1.2,6.91,8
108,2019-08-08,28.9,25.9,32.7,0,3.6,1.6,15.87,6.6
108,2019-08-09,29.8,26,34.6,,4.1,1.3,19.37,4.9
